iso_ts,monotonic_ns,window_s,gpu_power_mw,cpu_power_mw,ane_power_mw,dram_power_mw,amcc_power_mw,dcs_power_mw,afr_power_mw,disp_power_mw,isp_power_mw,ave_power_mw,gpu_sram_power_mw,gpu_energy_nj,cpu_energy_nj,ane_energy_nj,dram_energy_nj,amcc_energy_nj,dcs_energy_nj,afr_energy_nj,disp_energy_nj,isp_energy_nj,ave_energy_nj,gpu_sram_energy_nj
2026-05-05T16:53:57.462778,274778221118208,0.405511,192.163,683.089,0.0,404.428,601.71,712.681,12.33,429.088,2.466,2.466,0.0,77924225,277000000,0,164000000,244000000,289000000,5000000,174000000,1000000,1000000,0
2026-05-05T16:53:57.897450,274778655788333,0.434681,212.418,1683.992,0.0,538.325,841.996,1090.454,11.503,462.408,2.301,0.0,0.0,92334130,732000000,0,234000000,366000000,474000000,5000000,201000000,1000000,0,0
2026-05-05T16:53:58.331075,274779089419625,0.433631,170.733,1713.437,0.0,514.262,839.423,1040.054,9.224,442.772,2.306,2.306,0.0,74035402,743000000,0,223000000,364000000,451000000,4000000,192000000,1000000,1000000,0
2026-05-05T16:53:58.758890,274779517244958,0.427822,158.164,1818.513,0.0,535.269,815.76,1016.778,11.687,451.122,2.337,2.337,0.0,67666066,778000000,0,229000000,349000000,435000000,5000000,193000000,1000000,1000000,0
2026-05-05T16:53:59.216383,274779974740666,0.457499,226.425,2290.716,0.0,620.767,944.265,1191.26,13.115,432.788,2.186,2.186,0.0,103589222,1048000000,0,284000000,432000000,545000000,6000000,198000000,1000000,1000000,0
2026-05-05T16:53:59.665909,274780424273875,0.449533,159.991,3694.948,0.0,667.36,974.345,1301.351,8.898,473.825,2.225,2.225,0.0,71921179,1661000000,0,300000000,438000000,585000000,4000000,213000000,1000000,1000000,0
2026-05-05T16:54:00.129081,274780887452166,0.463178,191.357,2571.364,0.0,565.657,816.1,1060.067,10.795,431.799,2.159,2.159,0.0,88632332,1191000000,0,262000000,378000000,491000000,5000000,200000000,1000000,1000000,0
2026-05-05T16:54:00.566414,274781324790625,0.437339,1261.463,6379.487,0.0,916.908,1431.383,1902.413,82.316,480.176,2.287,2.287,0.0,551687335,2790000000,0,401000000,626000000,832000000,36000000,210000000,1000000,1000000,0
2026-05-05T16:54:01.028484,274781786868333,0.462077,575.496,3806.728,0.0,692.526,1071.251,1482.438,56.268,426.336,0.0,2.164,0.0,265923468,1759000000,0,320000000,495000000,685000000,26000000,197000000,0,1000000,0
2026-05-05T16:54:01.457221,274782215609833,0.428743,326.653,2836.2,0.0,746.368,1068.24,1338.798,18.659,513.128,2.332,2.332,0.0,140050027,1216000000,0,320000000,458000000,574000000,8000000,220000000,1000000,1000000,0
2026-05-05T16:54:01.889375,274782647771708,0.432155,221.503,2057.131,0.0,543.786,835.348,1103.77,11.57,490.564,2.314,0.0,0.0,95723707,889000000,0,235000000,361000000,477000000,5000000,212000000,1000000,0,0
2026-05-05T16:54:02.347980,274783106383875,0.458616,1200.426,5076.144,0.0,782.79,1349.713,1790.169,91.58,431.734,2.18,2.18,0.0,550534245,2328000000,0,359000000,619000000,821000000,42000000,198000000,1000000,1000000,0
2026-05-05T16:54:02.807555,274783565962208,0.459582,415.923,3242.08,0.0,611.426,937.81,1268.545,39.166,435.179,2.176,2.176,0.0,191150710,1490000000,0,281000000,431000000,583000000,18000000,200000000,1000000,1000000,0
2026-05-05T16:54:03.245833,274784004251000,0.438285,214.509,1761.412,0.0,547.589,809.976,1099.742,11.408,463.169,2.282,2.282,0.0,94016037,772000000,0,240000000,355000000,482000000,5000000,203000000,1000000,1000000,0
2026-05-05T16:54:03.675481,274784433901750,0.429654,796.575,3200.248,0.0,714.528,1166.054,1487.243,55.859,449.198,2.327,2.327,0.0,342251819,1375000000,0,307000000,501000000,639000000,24000000,193000000,1000000,1000000,0
2026-05-05T16:54:04.104849,274784863278041,0.429375,1686.097,4618.346,0.0,728.967,1297.236,1856.188,125.764,447.162,2.329,2.329,0.0,723967221,1983000000,0,313000000,557000000,797000000,54000000,192000000,1000000,1000000,0
2026-05-05T16:54:04.542101,274785300537583,0.437258,93.603,2437.92,0.0,448.248,729.546,930.801,18.296,427.665,0.0,2.287,0.0,40928498,1066000000,0,196000000,319000000,407000000,8000000,187000000,0,1000000,0
2026-05-05T16:54:04.998187,274785756627166,0.456092,105.278,1519.429,0.0,403.427,620.489,822.202,4.385,431.93,2.193,2.193,0.0,48016420,693000000,0,184000000,283000000,375000000,2000000,197000000,1000000,1000000,0
2026-05-05T16:54:05.453130,274786211575916,0.454949,1055.509,3191.565,0.0,694.583,1171.559,1622.159,72.536,472.58,2.198,2.198,0.0,480202866,1452000000,0,316000000,533000000,738000000,33000000,215000000,1000000,1000000,0
2026-05-05T16:54:05.905373,274786663826750,0.452249,1091.445,4157.0,0.0,658.929,1231.622,1793.259,97.291,477.613,2.211,0.0,0.0,493605198,1880000000,0,298000000,557000000,811000000,44000000,216000000,1000000,0,0
2026-05-05T16:54:06.371407,274787129867916,0.466041,38.472,1300.314,0.0,306.84,534.288,658.74,2.146,429.147,2.146,2.146,0.0,17929559,606000000,0,143000000,249000000,307000000,1000000,200000000,1000000,1000000,0
2026-05-05T16:54:06.825144,274787583608791,0.453743,34.117,1179.08,0.0,330.583,537.749,665.574,2.204,495.875,2.204,2.204,0.0,15480500,535000000,0,150000000,244000000,302000000,1000000,225000000,1000000,1000000,0
2026-05-05T16:54:07.284748,274788043218500,0.45961,878.056,2959.029,0.0,546.115,1063.945,1516.502,63.097,441.679,2.176,2.176,0.0,403563707,1360000000,0,251000000,489000000,697000000,29000000,203000000,1000000,1000000,0
2026-05-05T16:54:07.737426,274788495902625,0.452684,742.639,3377.632,0.0,545.634,987.444,1431.462,72.899,450.645,2.209,2.209,0.0,336180660,1529000000,0,247000000,447000000,648000000,33000000,204000000,1000000,1000000,0
2026-05-05T16:54:08.207950,274788966434416,0.47053,52.497,1147.641,0.0,293.286,503.687,607.825,2.125,418.676,2.125,2.125,0.0,24701602,540000000,0,138000000,237000000,286000000,1000000,197000000,1000000,1000000,0
2026-05-05T16:54:08.663138,274789421628958,0.455195,73.467,1100.626,0.0,303.167,571.183,601.939,4.394,461.34,2.197,2.197,0.0,33441656,501000000,0,138000000,260000000,274000000,2000000,210000000,1000000,1000000,0
2026-05-05T16:54:09.103518,274789862014000,0.440386,1114.072,3658.152,0.0,644.888,1255.716,1830.211,84.017,463.23,2.271,2.271,0.0,490621872,1611000000,0,284000000,553000000,806000000,37000000,204000000,1000000,1000000,0
2026-05-05T16:54:09.563778,274790322283583,0.460266,422.713,2787.519,0.0,458.431,829.955,1168.89,49.971,425.841,0.0,2.173,0.0,194560457,1283000000,0,211000000,382000000,538000000,23000000,196000000,0,1000000,0
2026-05-05T16:54:10.004206,274790762715208,0.440434,62.805,1119.35,0.0,290.622,501.778,565.351,2.27,454.097,2.27,2.27,0.0,27661347,493000000,0,128000000,221000000,249000000,1000000,200000000,1000000,1000000,0
2026-05-05T16:54:10.454453,274791212970500,0.450253,262.418,1285.943,0.0,317.599,593.0,646.303,15.547,437.532,2.221,2.221,0.0,118154744,579000000,0,143000000,267000000,291000000,7000000,197000000,1000000,1000000,0
2026-05-05T16:54:10.897013,274791655537333,0.442567,1617.218,4071.7,0.0,643.97,1267.605,1848.308,131.054,458.688,2.26,0.0,0.0,715727237,1802000000,0,285000000,561000000,818000000,58000000,203000000,1000000,0,0
2026-05-05T16:54:11.369858,274792128388833,0.472852,242.249,2442.627,0.0,387.014,640.793,831.128,31.722,416.621,2.115,2.115,0.0,114548017,1155000000,0,183000000,303000000,393000000,15000000,197000000,1000000,1000000,0
2026-05-05T16:54:11.841048,274792599584791,0.471196,0.0,1071.741,0.0,280.138,492.364,575.132,0.0,447.797,2.122,2.122,0.0,0,505000000,0,132000000,232000000,271000000,0,211000000,1000000,1000000,0
2026-05-05T16:54:12.292388,274793050929000,0.451347,727.814,1912.054,0.0,458.627,875.158,1180.909,53.174,456.411,2.216,2.216,0.0,328496611,863000000,0,207000000,395000000,533000000,24000000,206000000,1000000,1000000,0
2026-05-05T16:54:12.723736,274793482283166,0.431355,1707.4,4101.032,0.0,656.072,1298.235,1891.714,148.37,470.61,2.318,2.318,0.0,736495481,1769000000,0,283000000,560000000,816000000,64000000,203000000,1000000,1000000,0
2026-05-05T16:54:13.193459,274793952012166,0.469728,80.716,1864.907,0.0,332.107,576.929,789.818,19.16,402.36,2.129,2.129,0.0,37914511,876000000,0,156000000,271000000,371000000,9000000,189000000,1000000,1000000,0
2026-05-05T16:54:13.667318,274794425881250,0.473866,47.257,1110.018,0.0,318.655,571.891,664.744,4.221,443.163,2.11,2.11,0.0,22393560,526000000,0,151000000,271000000,315000000,2000000,210000000,1000000,1000000,0
2026-05-05T16:54:14.121458,274794880026458,0.454147,921.954,2488.183,0.0,517.454,1034.908,1466.486,74.866,460.204,2.202,2.202,0.0,418702521,1130000000,0,235000000,470000000,666000000,34000000,209000000,1000000,1000000,0
2026-05-05T16:54:14.577776,274795336349750,0.456325,1352.227,3734.184,0.0,602.641,1152.688,1652.332,135.868,440.476,2.191,2.191,0.0,617054411,1704000000,0,275000000,526000000,754000000,62000000,201000000,1000000,1000000,0
2026-05-05T16:54:15.030093,274795788672541,0.452323,50.651,1162.887,0.0,318.357,535.016,705.249,2.211,446.584,0.0,2.211,0.0,22910567,526000000,0,144000000,242000000,319000000,1000000,202000000,0,1000000,0
2026-05-05T16:54:15.484646,274796243231750,0.45456,18.351,1055.965,0.0,257.392,483.984,519.183,0.0,446.585,2.2,2.2,0.0,8341512,480000000,0,117000000,220000000,236000000,0,203000000,1000000,1000000,0
2026-05-05T16:54:15.937308,274796695901458,0.452666,1343.753,3068.484,0.0,585.42,1150.958,1586.157,112.666,441.826,2.209,2.209,0.0,608271793,1389000000,0,265000000,521000000,718000000,51000000,200000000,1000000,1000000,0
2026-05-05T16:54:16.394731,274797153332250,0.45743,1096.496,3344.773,0.0,568.393,1066.829,1517.171,135.54,454.714,2.186,0.0,0.0,501570409,1530000000,0,260000000,488000000,694000000,62000000,208000000,1000000,0,0
2026-05-05T16:54:16.864962,274797623568875,0.470238,35.114,1124.963,0.0,301.975,531.646,661.368,2.127,433.823,2.127,2.127,0.0,16511836,529000000,0,142000000,250000000,311000000,1000000,204000000,1000000,1000000,0
2026-05-05T16:54:17.322490,274798081103125,0.457535,110.28,1110.297,0.0,301.616,526.736,594.49,4.371,458.981,2.186,2.186,0.0,50457174,508000000,0,138000000,241000000,272000000,2000000,210000000,1000000,1000000,0
2026-05-05T16:54:17.774712,274798533331250,0.452229,1723.314,2918.876,0.0,568.296,1202.931,1616.438,165.845,446.676,2.211,2.211,0.0,779332340,1320000000,0,257000000,544000000,731000000,75000000,202000000,1000000,1000000,0
2026-05-05T16:54:18.235050,274798993676208,0.460344,1658.286,3395.288,0.0,588.69,1083.972,1516.258,197.678,475.731,2.172,2.172,0.0,763381880,1563000000,0,271000000,499000000,698000000,91000000,219000000,1000000,1000000,0
2026-05-05T16:54:18.687497,274799446130250,0.452454,52.948,1248.746,0.0,333.736,587.905,676.312,2.21,457.505,2.21,2.21,0.0,23956311,565000000,0,151000000,266000000,306000000,1000000,207000000,1000000,1000000,0
2026-05-05T16:54:19.137078,274799895716750,0.449587,118.365,1118.804,0.0,300.275,531.599,638.363,2.224,449.301,2.224,2.224,0.0,53215313,503000000,0,135000000,239000000,287000000,1000000,202000000,1000000,1000000,0
2026-05-05T16:54:19.579291,274800337934583,0.442218,2673.933,2792.739,0.0,615.081,1259.559,1612.326,303.018,445.481,2.261,2.261,0.0,1182462046,1235000000,0,272000000,557000000,713000000,134000000,197000000,1000000,1000000,0
2026-05-05T16:54:20.023649,274800782301333,0.444365,3912.249,3692.912,0.0,650.367,1298.483,1782.32,533.346,441.079,0.0,2.25,0.0,1738465380,1641000000,0,289000000,577000000,792000000,237000000,196000000,0,1000000,0
2026-05-05T16:54:20.472422,274801231079958,0.448779,55.502,1631.091,0.0,332.012,657.339,666.252,20.054,434.512,2.228,2.228,0.0,24908192,732000000,0,149000000,295000000,299000000,9000000,195000000,1000000,1000000,0
2026-05-05T16:54:20.922940,274801681601208,0.450525,12.073,1103.159,0.0,279.674,492.759,528.273,2.22,446.147,2.22,0.0,0.0,5439097,497000000,0,126000000,222000000,238000000,1000000,201000000,1000000,0,0
2026-05-05T16:54:21.350625,274802109298583,0.42769,5226.234,2298.393,0.0,565.83,1199.466,1540.835,570.506,462.952,2.338,2.338,0.0,2235208744,983000000,0,242000000,513000000,659000000,244000000,198000000,1000000,1000000,0
2026-05-05T16:54:21.781358,274802540033583,0.43074,6419.353,3329.152,0.0,605.934,1314.017,1764.404,856.665,441.101,2.322,2.322,0.0,2765074373,1434000000,0,261000000,566000000,760000000,369000000,190000000,1000000,1000000,0
2026-05-05T16:54:22.245387,274803004069375,0.464035,1758.647,2461.02,0.0,418.072,771.493,1006.389,312.476,418.072,2.155,2.155,0.0,816074063,1142000000,0,194000000,358000000,467000000,145000000,194000000,1000000,1000000,0
2026-05-05T16:54:22.698021,274803456708833,0.45264,65.839,1122.304,0.0,313.715,567.78,656.15,2.209,452.898,2.209,2.209,0.0,29801185,508000000,0,142000000,257000000,297000000,1000000,205000000,1000000,1000000,0
2026-05-05T16:54:23.123273,274803881968125,0.425258,1538.92,1213.382,0.0,329.212,707.806,665.479,115.224,467.951,2.352,2.352,0.0,654437962,516000000,0,140000000,301000000,283000000,49000000,199000000,1000000,1000000,0
2026-05-05T16:54:23.547771,274804306470083,0.424503,12377.238,2475.838,0.0,603.059,1368.66,1717.303,1616.008,445.227,0.0,2.356,0.0,5254171618,1051000000,0,256000000,581000000,729000000,686000000,189000000,0,1000000,0
2026-05-05T16:54:23.969819,274804728524291,0.422056,13873.252,2743.713,0.0,663.419,1378.964,1755.692,1803.079,435.961,2.369,2.369,0.0,5855286924,1158000000,0,280000000,582000000,741000000,761000000,184000000,1000000,1000000,0
2026-05-05T16:54:24.391710,274805150422208,0.421894,12545.53,2709.211,0.0,661.303,1384.234,1742.144,1659.184,443.239,2.37,0.0,0.0,5292884386,1143000000,0,279000000,584000000,735000000,700000000,187000000,1000000,0,0
2026-05-05T16:54:24.864303,274805623021833,0.472602,2026.631,1783.743,0.0,315.276,581.885,696.146,406.262,404.146,2.116,2.116,0.0,957789661,843000000,0,149000000,275000000,329000000,192000000,191000000,1000000,1000000,0
2026-05-05T16:54:25.335233,274806093958500,0.470937,27.837,1085.072,0.0,335.502,577.573,547.845,2.123,448.043,2.123,2.123,0.0,13109316,511000000,0,158000000,272000000,258000000,1000000,211000000,1000000,1000000,0
2026-05-05T16:54:25.783778,274806542511416,0.448552,14288.457,1495.925,0.0,617.543,1183.81,1471.402,1683.194,454.797,2.229,2.229,0.0,6409114027,671000000,0,277000000,531000000,660000000,755000000,204000000,1000000,1000000,0
2026-05-05T16:54:26.207294,274806966036583,0.423522,27507.61,2514.63,0.0,878.35,1572.529,1988.092,3525.204,472.231,2.361,2.361,0.0,11650065320,1065000000,0,372000000,666000000,842000000,1493000000,200000000,1000000,1000000,0
2026-05-05T16:54:26.644043,274807402788250,0.436756,24191.758,2305.634,0.0,785.335,1403.529,1774.445,3148.209,423.577,2.29,2.29,0.0,10565902488,1007000000,0,343000000,613000000,775000000,1375000000,185000000,1000000,1000000,0
2026-05-05T16:54:27.072194,274807830947916,0.428157,25204.533,2821.396,0.0,899.203,1536.82,1931.535,3349.24,450.769,2.336,2.336,0.0,10791492992,1208000000,0,385000000,658000000,827000000,1434000000,193000000,1000000,1000000,0
2026-05-05T16:54:27.529424,274808288183708,0.457235,16035.883,2351.088,0.0,728.291,1250.998,1592.179,2547.923,415.541,0.0,2.187,0.0,7332168480,1075000000,0,333000000,572000000,728000000,1165000000,190000000,0,1000000,0
2026-05-05T16:54:28.004452,274808763217125,0.475036,52.908,1020.975,0.0,284.189,486.279,574.693,4.21,431.546,2.105,2.105,0.0,25133157,485000000,0,135000000,231000000,273000000,2000000,205000000,1000000,1000000,0
2026-05-05T16:54:28.473047,274809231820375,0.468601,1761.676,981.645,0.0,271.019,469.482,533.503,2.134,454.544,2.134,2.134,0.0,825523663,460000000,0,127000000,220000000,250000000,1000000,213000000,1000000,1000000,0
2026-05-05T16:54:28.912731,274809671508625,0.43969,39026.735,1291.819,0.0,1066.661,2119.676,1978.667,5208.216,466.238,2.274,2.274,0.0,17159661872,568000000,0,469000000,932000000,870000000,2290000000,205000000,1000000,1000000,0
2026-05-05T16:54:29.355018,274810113800833,0.442294,37991.783,1808.752,0.0,1544.222,2186.329,2233.808,5127.811,436.361,2.261,2.261,0.0,16803535872,800000000,0,683000000,967000000,988000000,2268000000,193000000,1000000,1000000,0
2026-05-05T16:54:29.795788,274810554578916,0.440776,37972.9,1824.055,0.0,1601.72,2241.5,2311.831,5161.349,440.133,2.269,4.537,0.0,16737551008,804000000,0,706000000,988000000,1019000000,2275000000,194000000,1000000,2000000,0
2026-05-05T16:54:30.236750,274810995548000,0.440969,38333.018,1823.259,0.0,1612.36,2245.058,2313.09,5177.239,464.886,4.535,4.535,0.0,16903658048,804000000,0,711000000,990000000,1020000000,2283000000,205000000,2000000,2000000,0
2026-05-05T16:54:30.677942,274811436743791,0.441197,37900.987,1711.253,0.0,1595.658,2232.562,2300.559,5156.425,466.911,4.533,2.267,0.0,16721808192,755000000,0,704000000,985000000,1015000000,2275000000,206000000,2000000,1000000,0
2026-05-05T16:54:31.095409,274811854216291,0.417473,40305.715,1858.802,0.0,1693.522,2342.665,2412.131,5396.753,491.049,4.791,4.791,0.0,16826556320,776000000,0,707000000,978000000,1007000000,2253000000,205000000,2000000,2000000,0
2026-05-05T16:54:31.537507,274812296322333,0.442102,36606.123,1750.728,0.0,1553.941,2155.613,2214.423,4953.611,452.385,2.262,4.524,0.0,16183629392,774000000,0,687000000,953000000,979000000,2190000000,200000000,1000000,2000000,0
2026-05-05T16:54:31.978920,274812737741208,0.44142,38245.781,1730.78,0.0,1588.059,2217.845,2294.869,5119.846,475.738,4.531,4.531,0.0,16882433488,764000000,0,701000000,979000000,1013000000,2260000000,210000000,2000000,2000000,0
2026-05-05T16:54:32.403174,274813162001500,0.424262,40237.373,1765.417,0.0,1673.493,2319.319,2392.387,5381.104,492.62,4.714,2.357,0.0,17071205232,749000000,0,710000000,984000000,1015000000,2283000000,209000000,2000000,1000000,0
2026-05-05T16:54:32.827446,274813586277250,0.424279,38730.337,1765.35,0.0,1612.148,2236.738,2307.446,5194.7,473.745,2.357,4.714,0.0,16432452384,749000000,0,684000000,949000000,979000000,2204000000,201000000,1000000,2000000,0
2026-05-05T16:54:33.283238,274814042078000,0.455798,4386.48,1472.142,0.0,519.967,798.599,855.641,987.279,451.954,4.388,4.388,0.0,1999350528,671000000,0,237000000,364000000,390000000,450000000,206000000,2000000,2000000,0
2026-05-05T16:54:33.758366,274814517209250,0.475134,42.981,1014.45,0.0,286.235,543.005,591.412,2.105,463.027,4.209,4.209,0.0,20421950,482000000,0,136000000,258000000,281000000,1000000,220000000,2000000,2000000,0
2026-05-05T16:54:34.197715,274814956567291,0.439353,29139.169,1119.827,0.0,1925.557,1943.765,2221.446,3452.801,509.84,4.552,2.276,0.0,12802393411,492000000,0,846000000,854000000,976000000,1517000000,224000000,2000000,1000000,0
2026-05-05T16:54:34.621282,274815380140541,0.423574,48750.373,1711.627,0.0,3331.179,2906.224,3265.075,6546.676,493.421,4.722,4.722,0.0,20649376200,725000000,0,1411000000,1231000000,1383000000,2773000000,209000000,2000000,2000000,0
2026-05-05T16:54:35.058351,274815817214458,0.437076,44611.11,1562.656,0.0,3180.223,2679.166,3052.099,5998.953,453.01,2.288,4.576,0.0,19498458560,683000000,0,1390000000,1171000000,1334000000,2622000000,198000000,1000000,2000000,0
2026-05-05T16:54:35.487017,274816245889041,0.428671,48997.274,2192.822,0.0,3555.172,2974.307,3363.883,6534.144,494.551,4.666,4.666,0.0,21003724656,940000000,0,1524000000,1275000000,1442000000,2801000000,212000000,2000000,2000000,0
2026-05-05T16:54:35.928719,274816687595458,0.441709,45118.214,1428.541,0.0,3164.977,2662.384,3040.461,5994.892,452.786,4.528,2.264,0.0,19929138272,631000000,0,1398000000,1176000000,1343000000,2648000000,200000000,2000000,1000000,0
2026-05-05T16:54:36.371931,274817130814750,0.443218,44378.663,1486.854,0.0,3294.092,2779.672,3169.999,6211.394,476.064,4.512,4.512,0.0,19669411232,659000000,0,1460000000,1232000000,1405000000,2753000000,211000000,2000000,2000000,0
2026-05-05T16:54:36.813082,274817571972208,0.441157,39347.961,1543.67,0.0,3246.013,2742.791,3150.809,6077.208,476.022,2.267,4.534,0.0,17358610432,681000000,0,1432000000,1210000000,1390000000,2681000000,210000000,1000000,2000000,0
2026-05-05T16:54:37.257409,274818016304333,0.444334,35292.915,1503.372,0.0,3108.02,2657.908,3067.51,5849.199,472.617,4.501,4.501,0.0,15681855464,668000000,0,1381000000,1181000000,1363000000,2599000000,210000000,2000000,2000000,0
2026-05-05T16:54:37.676690,274818435590541,0.419287,33078.387,1507.32,0.0,3114.811,2716.516,3143.431,5914.802,498.465,4.77,2.385,0.0,13869340424,632000000,0,1306000000,1139000000,1318000000,2480000000,209000000,2000000,1000000,0
2026-05-05T16:54:38.120094,274818879002083,0.44341,29141.133,1434.339,0.0,2796.509,2458.222,2841.614,5342.686,451.05,4.51,4.51,0.0,12921468752,636000000,0,1240000000,1090000000,1260000000,2369000000,200000000,2000000,2000000,0
2026-05-05T16:54:38.563107,274819322020458,0.443019,28822.837,1471.719,0.0,2884.75,2557.45,2920.865,5532.489,476.277,2.257,4.514,0.0,12769075356,652000000,0,1278000000,1133000000,1294000000,2451000000,211000000,1000000,2000000,0
2026-05-05T16:54:39.009174,274819768093833,0.446073,23161.055,1466.127,0.0,2575.81,2315.763,2622.888,4922.958,470.775,4.484,4.484,0.0,10331526864,654000000,0,1149000000,1033000000,1170000000,2196000000,210000000,2000000,2000000,0
2026-05-05T16:54:39.482658,274820241584541,0.473489,71.474,1011.639,0.0,346.365,597.691,726.522,4.224,454.076,4.224,2.112,0.0,33842231,479000000,0,164000000,283000000,344000000,2000000,215000000,2000000,1000000,0
2026-05-05T16:54:39.931465,274820690403791,0.448815,53.994,1093.992,0.0,365.407,585.987,699.62,2.228,512.461,4.456,4.456,0.0,24233152,491000000,0,164000000,263000000,314000000,1000000,230000000,2000000,2000000,0
2026-05-05T16:54:40.391665,274821150605583,0.460207,1721.155,3122.511,0.0,671.438,1232.055,1736.177,104.301,465.009,4.346,4.346,0.0,792086881,1437000000,0,309000000,567000000,799000000,48000000,214000000,2000000,2000000,0
2026-05-05T16:54:40.846387,274821605336250,0.454729,988.015,2676.319,0.0,525.588,921.428,1277.684,83.566,488.203,2.199,4.398,0.0,449279283,1217000000,0,239000000,419000000,581000000,38000000,222000000,1000000,2000000,0
2026-05-05T16:54:41.322815,274822081766916,0.476434,6.986,1028.474,0.0,308.542,528.929,589.798,2.099,453.368,4.198,4.198,0.0,3328257,490000000,0,147000000,252000000,281000000,1000000,216000000,2000000,2000000,0
2026-05-05T16:54:41.756843,274822515799916,0.434034,364.203,1285.612,0.0,375.546,695.797,691.189,18.432,520.696,4.608,4.608,0.0,158076480,558000000,0,163000000,302000000,300000000,8000000,226000000,2000000,2000000,0
2026-05-05T16:54:42.215731,274822974694458,0.458894,2612.609,3395.117,0.0,664.641,1255.191,1791.262,167.795,457.622,4.358,2.179,0.0,1198911617,1558000000,0,305000000,576000000,822000000,77000000,210000000,2000000,1000000,0
2026-05-05T16:54:42.674454,274823433426166,0.458729,752.262,2206.095,0.0,468.686,800.036,1072.528,65.398,479.586,4.36,4.36,0.0,345084652,1012000000,0,215000000,367000000,492000000,30000000,220000000,2000000,2000000,0
2026-05-05T16:54:43.151772,274823910751250,0.477325,58.947,1030.744,0.0,318.441,546.797,638.978,4.19,458.807,4.19,4.19,0.0,28137032,492000000,0,152000000,261000000,305000000,2000000,219000000,2000000,2000000,0
2026-05-05T16:54:43.582974,274824341956416,0.431208,1054.552,2043.098,0.0,538.024,1045.899,1386.802,60.296,521.79,2.319,4.638,0.0,454731204,881000000,0,232000000,451000000,598000000,26000000,225000000,1000000,2000000,0
2026-05-05T16:54:44.035335,274824794324875,0.452368,2641.275,3545.782,0.0,660.966,1255.614,1803.839,179.058,459.802,4.421,4.421,0.0,1194829432,1604000000,0,299000000,568000000,816000000,81000000,208000000,2000000,2000000,0
2026-05-05T16:54:44.489477,274825248473875,0.454145,62.903,1503.924,0.0,372.128,634.158,810.313,15.414,473.417,4.404,4.404,0.0,28567307,683000000,0,169000000,288000000,368000000,7000000,215000000,2000000,2000000,0
2026-05-05T16:54:44.942270,274825701271416,0.452802,51.639,1071.109,0.0,326.854,563.16,644.874,4.417,485.864,4.417,2.208,0.0,23382079,485000000,0,148000000,255000000,292000000,2000000,220000000,2000000,1000000,0
2026-05-05T16:54:45.407529,274826166538291,0.465265,1821.21,2652.249,0.0,584.612,1109.044,1536.757,113.913,462.102,4.299,4.299,0.0,847346252,1234000000,0,272000000,516000000,715000000,53000000,215000000,2000000,2000000,0
2026-05-05T16:54:45.850117,274826609131208,0.442594,1721.076,3151.874,0.0,621.337,1156.817,1647.108,140.083,503.848,2.259,4.519,0.0,761737624,1395000000,0,275000000,512000000,729000000,62000000,223000000,1000000,2000000,0
2026-05-05T16:54:46.302651,274827061673125,0.45254,32.549,1184.424,0.0,369.028,603.261,722.587,4.419,466.257,4.419,4.419,0.0,14729711,536000000,0,167000000,273000000,327000000,2000000,211000000,2000000,2000000,0
2026-05-05T16:54:46.748614,274827507641958,0.44597,96.135,1033.701,0.0,304.953,538.152,589.725,2.242,488.822,4.485,4.485,0.0,42873146,461000000,0,136000000,240000000,263000000,1000000,218000000,2000000,2000000,0
2026-05-05T16:54:47.205652,274827964690958,0.457044,1892.86,2958.142,0.0,617.009,1227.454,1654.109,148.782,463.851,4.376,2.188,0.0,865119414,1352000000,0,282000000,561000000,756000000,68000000,212000000,2000000,1000000,0
2026-05-05T16:54:47.669875,274828428920041,0.46423,1511.372,2778.797,0.0,544.989,969.348,1370.012,150.787,469.595,4.308,4.308,0.0,701623820,1290000000,0,253000000,450000000,636000000,70000000,218000000,2000000,2000000,0
2026-05-05T16:54:48.142566,274828901617500,0.472698,71.333,1045.065,0.0,334.252,569.074,660.041,4.231,471.76,4.231,4.231,0.0,33718868,494000000,0,158000000,269000000,312000000,2000000,223000000,2000000,2000000,0
2026-05-05T16:54:48.604073,274829363129500,0.461511,306.051,1024.894,0.0,301.184,591.535,569.867,19.501,489.696,2.167,4.334,0.0,141245983,473000000,0,139000000,273000000,263000000,9000000,226000000,1000000,2000000,0
2026-05-05T16:54:49.040668,274829799730375,0.436603,4046.276,3098.922,0.0,673.38,1349.05,1800.261,416.854,503.89,4.581,4.581,0.0,1766617812,1353000000,0,294000000,589000000,786000000,182000000,220000000,2000000,2000000,0
2026-05-05T16:54:49.501739,274830260808291,0.461075,2305.87,2769.615,0.0,583.419,1132.137,1570.244,314.483,451.12,4.338,4.338,0.0,1063178489,1277000000,0,269000000,522000000,724000000,145000000,208000000,2000000,2000000,0
2026-05-05T16:54:49.950719,274830709794083,0.44899,45.657,1115.838,0.0,345.219,628.077,701.575,2.227,489.989,4.454,2.227,0.0,20499423,501000000,0,155000000,282000000,315000000,1000000,220000000,2000000,1000000,0
2026-05-05T16:54:50.420006,274831179087875,0.469294,109.736,1014.291,0.0,285.536,539.108,556.155,0.0,464.528,4.262,4.262,0.0,51498521,476000000,0,134000000,253000000,261000000,0,218000000,2000000,2000000,0
2026-05-05T16:54:50.885466,274831644552750,0.465466,3312.37,2101.12,0.0,592.954,1297.624,1510.315,391.006,474.793,4.297,4.297,0.0,1541795586,978000000,0,276000000,604000000,703000000,182000000,221000000,2000000,2000000,0
2026-05-05T16:54:51.318291,274832077386166,0.43283,6492.699,3363.907,0.0,778.597,1571.055,2023.889,838.666,510.593,2.31,4.621,0.0,2810235420,1456000000,0,337000000,680000000,876000000,363000000,221000000,1000000,2000000,0
2026-05-05T16:54:51.774153,274832533254125,0.455869,1144.604,1860.183,0.0,392.657,708.537,873.058,225.942,460.659,4.387,4.387,0.0,521789687,848000000,0,179000000,323000000,398000000,103000000,210000000,2000000,2000000,0
2026-05-05T16:54:52.249959,274833009065333,0.475814,56.033,1040.323,0.0,313.148,540.127,626.295,4.203,460.264,4.203,2.102,0.0,26661372,495000000,0,149000000,257000000,298000000,2000000,219000000,2000000,1000000,0
2026-05-05T16:54:52.695863,274833454977666,0.445909,1261.576,2049.744,0.0,527.013,1047.298,1316.411,82.977,497.859,4.485,4.485,0.0,562548490,914000000,0,235000000,467000000,587000000,37000000,222000000,2000000,2000000,0
2026-05-05T16:54:53.145281,274833904400875,0.449424,2676.213,3684.718,0.0,687.547,1372.869,1893.536,218.057,482.84,4.45,4.45,0.0,1202753713,1656000000,0,309000000,617000000,851000000,98000000,217000000,2000000,2000000,0
2026-05-05T16:54:53.621220,274834380348333,0.475947,67.41,1460.245,0.0,359.283,647.13,800.509,18.91,451.731,2.101,4.202,0.0,32083791,695000000,0,171000000,308000000,381000000,9000000,215000000,1000000,2000000,0
2026-05-05T16:54:54.103437,274834862571833,0.482223,30.903,968.431,0.0,298.617,541.243,574.423,2.074,474.884,4.147,4.147,0.0,14902385,467000000,0,144000000,261000000,277000000,1000000,229000000,2000000,2000000,0
2026-05-05T16:54:54.546410,274835305551333,0.442972,1691.453,2769.925,0.0,614.034,1214.523,1636.672,124.161,519.22,4.515,4.515,0.0,749266529,1227000000,0,272000000,538000000,725000000,55000000,230000000,2000000,2000000,0
2026-05-05T16:54:55.009722,274835768869250,0.463326,1614.359,3148.974,0.0,647.493,1204.337,1631.682,151.082,457.562,4.317,4.317,0.0,747973683,1459000000,0,300000000,558000000,756000000,70000000,212000000,2000000,2000000,0
2026-05-05T16:54:55.479284,274836238438000,0.469569,56.212,1111.658,0.0,330.09,555.829,572.866,4.259,468.515,4.259,2.13,0.0,26395563,522000000,0,155000000,261000000,269000000,2000000,220000000,2000000,1000000,0
2026-05-05T16:54:55.933474,274836692633125,0.454194,113.648,1032.598,0.0,330.255,629.686,671.519,4.403,495.383,4.403,4.403,0.0,51618108,469000000,0,150000000,286000000,305000000,2000000,225000000,2000000,2000000,0
2026-05-05T16:54:56.394506,274837153673708,0.46104,1917.098,3086.498,0.0,657.209,1336.109,1800.276,149.662,472.844,4.338,4.338,0.0,883859462,1423000000,0,303000000,616000000,830000000,69000000,218000000,2000000,2000000,0
2026-05-05T16:54:56.872319,274837631492708,0.47782,895.482,2467.457,0.0,466.703,887.364,1180.361,108.828,466.703,2.093,4.186,0.0,427879072,1179000000,0,223000000,424000000,564000000,52000000,223000000,1000000,2000000,0
2026-05-05T16:54:57.340770,274838099950041,0.468457,24.498,1052.391,0.0,305.257,555.013,593.437,2.135,484.569,4.269,4.269,0.0,11476425,493000000,0,143000000,260000000,278000000,1000000,227000000,2000000,2000000,0
2026-05-05T16:54:57.790488,274838549671708,0.449725,802.745,1347.49,0.0,380.232,751.57,789.371,55.59,495.859,4.447,4.447,0.0,361014681,606000000,0,171000000,338000000,355000000,25000000,223000000,2000000,2000000,0
2026-05-05T16:54:58.246312,274839005503875,0.45583,3236.483,3474.983,0.0,647.172,1349.189,1858.151,298.357,473.861,4.388,4.388,0.0,1475284713,1584000000,0,295000000,615000000,847000000,136000000,216000000,2000000,2000000,0
2026-05-05T16:54:58.730361,274839489558166,0.484056,687.616,2111.325,0.0,406.977,760.242,970.961,90.899,454.493,4.132,2.066,0.0,332844963,1022000000,0,197000000,368000000,470000000,44000000,220000000,2000000,1000000,0
2026-05-05T16:54:59.206660,274839965864500,0.476306,30.144,972.063,0.0,306.525,541.668,629.847,2.099,482.882,4.199,4.199,0.0,14357707,463000000,0,146000000,258000000,300000000,1000000,230000000,2000000,2000000,0
2026-05-05T16:54:59.654065,274840413277375,0.447411,2650.713,2608.342,0.0,509.599,1048.254,1218.12,225.743,505.129,4.47,4.47,0.0,1185957329,1167000000,0,228000000,469000000,545000000,101000000,226000000,2000000,2000000,0
2026-05-05T16:55:00.106065,274840865283125,0.452004,5772.77,4115.008,0.0,763.268,1435.828,1907.063,599.552,473.447,2.212,4.425,0.0,2609314759,1860000000,0,345000000,649000000,862000000,271000000,214000000,1000000,2000000,0
2026-05-05T16:55:00.582550,274841341777208,0.476494,1507.341,3532.046,0.0,539.356,896.128,1110.191,209.866,470.1,4.197,4.197,0.0,718239679,1683000000,0,257000000,427000000,529000000,100000000,224000000,2000000,2000000,0
2026-05-05T16:55:01.057653,274841816886000,0.475109,59.601,1052.39,0.0,338.87,599.862,658.796,4.21,479.89,4.21,4.21,0.0,28316943,500000000,0,161000000,285000000,313000000,2000000,228000000,2000000,2000000,0
2026-05-05T16:55:01.486573,274842245813083,0.428927,6214.754,1720.572,0.0,578.187,1212.327,1424.484,648.129,547.879,4.663,4.663,0.0,2665676583,738000000,0,248000000,520000000,611000000,278000000,235000000,2000000,2000000,0
2026-05-05T16:55:01.935164,274842694409166,0.448597,10546.391,2407.508,0.0,619.71,1348.65,1736.527,1277.317,454.752,4.458,2.229,0.0,4731075420,1080000000,0,278000000,605000000,779000000,573000000,204000000,2000000,1000000,0
2026-05-05T16:55:02.384972,274843144223500,0.449815,11357.056,2594.398,0.0,709.18,1438.368,1827.416,1371.674,473.528,4.446,4.446,0.0,5108578181,1167000000,0,319000000,647000000,822000000,617000000,213000000,2000000,2000000,0
2026-05-05T16:55:02.855311,274843614568875,0.470344,2628.82,1775.294,0.0,386.95,727.127,848.314,437.977,463.49,2.126,4.252,0.0,1236451224,835000000,0,182000000,342000000,399000000,206000000,218000000,1000000,2000000,0
2026-05-05T16:55:03.315742,274844075006500,0.460438,52.223,1064.203,0.0,327.948,577.71,640.694,4.344,490.837,4.344,4.344,0.0,24045589,490000000,0,151000000,266000000,295000000,2000000,226000000,2000000,2000000,0
2026-05-05T16:55:03.757022,274844516294875,0.441286,13699.114,1355.13,0.0,566.526,1148.914,1318.872,1636.126,489.478,4.532,4.532,0.0,6045230286,598000000,0,250000000,507000000,582000000,722000000,216000000,2000000,2000000,0
2026-05-05T16:55:04.181812,274844941090875,0.424796,29857.25,2278.741,0.0,1064.04,1730.242,2104.539,4039.586,494.355,4.708,2.354,0.0,12683241688,968000000,0,452000000,735000000,894000000,1716000000,210000000,2000000,1000000,0
2026-05-05T16:55:04.628832,274845388115541,0.447026,28100.176,2212.4,0.0,1136.399,1633.015,2026.728,3755.934,454.112,4.474,4.474,0.0,12561506864,989000000,0,508000000,730000000,906000000,1679000000,203000000,2000000,2000000,0
2026-05-05T16:55:05.055767,274845815057875,0.426941,30307.601,2318.823,0.0,1229.679,1770.737,2204.053,4073.164,496.556,2.342,4.684,0.0,12939551168,990000000,0,525000000,756000000,941000000,1739000000,212000000,1000000,2000000,0
2026-05-05T16:55:05.479101,274846238396083,0.423341,29128.619,2239.332,0.0,1178.72,1703.121,2116.499,3897.571,477.157,4.724,4.724,0.0,12331325352,948000000,0,499000000,721000000,896000000,1650000000,202000000,2000000,2000000,0
2026-05-05T16:55:05.955147,274846714449958,0.476053,561.653,1497.733,0.0,380.21,638.585,760.42,365.506,420.122,4.201,2.101,0.0,267376235,713000000,0,181000000,304000000,362000000,174000000,200000000,2000000,1000000,0
2026-05-05T16:55:06.395066,274847154375250,0.439925,77.34,1150.196,0.0,409.161,711.485,809.229,4.546,522.816,4.546,4.546,0.0,34023631,506000000,0,180000000,313000000,356000000,2000000,230000000,2000000,2000000,0
2026-05-05T16:55:06.823082,274847582406375,0.428022,9663.041,1726.547,0.0,6191.273,2927.421,4523.134,1682.157,488.293,2.336,4.673,0.0,4135992459,739000000,0,2650000000,1253000000,1936000000,720000000,209000000,1000000,2000000,0
2026-05-05T16:55:07.252455,274848011783083,0.429378,14660.254,2440.738,0.0,9860.77,4075.661,6392.965,2971.739,479.763,4.658,4.658,0.0,6294794044,1048000000,0,4234000000,1750000000,2745000000,1276000000,206000000,2000000,2000000,0
2026-05-05T16:55:07.698450,274848457786666,0.446002,13819.811,2430.484,0.0,9428.215,3883.393,6105.358,2843.038,455.155,4.484,2.242,0.0,6163659104,1084000000,0,4205000000,1732000000,2723000000,1268000000,203000000,2000000,1000000,0
2026-05-05T16:55:08.142241,274848901584750,0.443797,14607.452,2122.593,0.0,9495.336,3929.726,6207.796,2868.43,477.696,4.507,4.507,0.0,6482740788,942000000,0,4214000000,1744000000,2755000000,1273000000,212000000,2000000,2000000,0
2026-05-05T16:55:08.603150,274849362490125,0.460917,4817.042,1705.297,0.0,4061.471,1865.847,2803.109,1180.256,468.631,2.17,4.339,0.0,2220255644,786000000,0,1872000000,860000000,1292000000,544000000,216000000,1000000,2000000,0
2026-05-05T16:55:09.072421,274849831765708,0.469277,17.612,973.838,0.0,291.938,519.948,562.567,2.131,468.806,4.262,4.262,0.0,8264842,457000000,0,137000000,244000000,264000000,1000000,220000000,2000000,2000000,0
2026-05-05T16:55:09.497303,274850256655291,0.424889,4259.501,2297.073,0.0,4572.964,2346.498,3471.499,1134.415,555.44,4.707,4.707,0.0,1809813287,976000000,0,1943000000,997000000,1475000000,482000000,236000000,2000000,2000000,0
2026-05-05T16:55:09.941133,274850700492375,0.443836,10703.044,1890.337,0.0,11191.066,4695.426,7511.781,3312.033,455.123,4.506,2.253,0.0,4750398132,839000000,0,4967000000,2084000000,3334000000,1470000000,202000000,2000000,1000000,0
2026-05-05T16:55:10.372616,274851131989500,0.431489,11558.051,2057.989,0.0,12116.18,5080.082,8125.35,3587.576,493.639,4.635,4.635,0.0,4987173280,888000000,0,5228000000,2192000000,3506000000,1548000000,213000000,2000000,2000000,0
2026-05-05T16:55:10.818560,274851577933541,0.44595,10784.28,1874.649,0.0,11344.319,4747.168,7608.475,3365.848,457.45,2.242,4.485,0.0,4809250372,836000000,0,5059000000,2117000000,3393000000,1501000000,204000000,1000000,2000000,0
2026-05-05T16:55:11.264559,274852023942250,0.446005,11332.626,2004.461,0.0,11789.101,4939.405,7892.285,3490.991,477.573,4.484,4.484,0.0,5054409752,894000000,0,5258000000,2203000000,3520000000,1557000000,213000000,2000000,2000000,0
2026-05-05T16:55:11.710309,274852469700958,0.445756,11267.214,1947.255,0.0,11735.126,4913.004,7867.537,3481.727,477.84,4.487,2.243,0.0,5022425524,868000000,0,5231000000,2190000000,3507000000,1552000000,213000000,2000000,1000000,0
2026-05-05T16:55:12.185242,274852944631458,0.474941,4766.052,1686.526,0.0,5872.31,2600.324,4044.714,1701.264,454.793,4.211,4.211,0.0,2263593025,801000000,0,2789000000,1235000000,1921000000,808000000,216000000,2000000,2000000,0
2026-05-05T16:55:12.640521,274853399917583,0.455285,43.735,1076.249,0.0,358.017,614.999,722.624,4.393,500.785,4.393,4.393,0.0,19912114,490000000,0,163000000,280000000,329000000,2000000,228000000,2000000,2000000,0
2026-05-05T16:55:13.067203,274853826611208,0.426687,2597.179,1260.877,0.0,3470.926,1891.315,2840.488,796.837,501.538,2.344,4.687,0.0,1108182978,538000000,0,1481000000,807000000,1212000000,340000000,214000000,1000000,2000000,0
2026-05-05T16:55:13.495438,274854254847416,0.428242,9824.501,1954.503,0.0,11759.709,4920.117,7881.06,3472.337,478.701,4.67,4.67,0.0,4207262740,837000000,0,5036000000,2107000000,3375000000,1487000000,205000000,2000000,2000000,0
2026-05-05T16:55:13.920986,274854680406250,0.425553,9767.104,1901.057,0.0,11711.827,4894.81,7853.315,3466.08,474.677,4.7,2.35,0.0,4156417908,809000000,0,4984000000,2083000000,3342000000,1475000000,202000000,2000000,1000000,0
2026-05-05T16:55:14.350400,274855109822916,0.429421,9846.06,1865.303,0.0,11729.753,4904.28,7864.081,3467.461,475.059,4.657,4.657,0.0,4228102860,801000000,0,5037000000,2106000000,3377000000,1489000000,204000000,2000000,2000000,0
2026-05-05T16:55:14.796807,274855556233500,0.446413,9470.525,2011.589,0.0,11267.589,4717.603,7553.541,3330.995,459.216,2.24,4.48,0.0,4227767026,898000000,0,5030000000,2106000000,3372000000,1487000000,205000000,1000000,2000000,0
2026-05-05T16:55:15.220681,274855980112833,0.423879,10252.414,1920.358,0.0,12277.08,5128.819,8221.68,3630.751,495.424,4.718,4.718,0.0,4345786088,814000000,0,5204000000,2174000000,3485000000,1539000000,210000000,2000000,2000000,0
2026-05-05T16:55:15.687859,274856447299500,0.467185,5792.977,1821.547,0.0,7799.902,3351.989,5286.981,2279.609,440.939,4.281,2.14,0.0,2706393820,851000000,0,3644000000,1566000000,2470000000,1065000000,206000000,2000000,1000000,0
2026-05-05T16:55:16.159194,274856918639916,0.471342,68.628,1132.935,0.0,390.375,632.237,710.736,4.243,473.117,4.243,4.243,0.0,32347108,534000000,0,184000000,298000000,335000000,2000000,223000000,2000000,2000000,0
2026-05-05T16:55:16.613093,274857372546125,0.453906,15.126,1053.082,0.0,332.668,599.244,603.65,2.203,502.307,2.203,4.406,0.0,6865822,478000000,0,151000000,272000000,274000000,1000000,228000000,1000000,2000000,0
2026-05-05T16:55:17.062910,274857822369125,0.449823,48.389,1055.97,0.0,326.795,553.551,604.682,2.223,486.858,4.446,4.446,0.0,21766372,475000000,0,147000000,249000000,272000000,1000000,219000000,2000000,2000000,0
2026-05-05T16:55:17.509686,274858269151625,0.446783,28.424,1085.538,0.0,304.398,539.412,570.747,2.238,474.503,4.476,4.476,0.0,12699357,485000000,0,136000000,241000000,255000000,1000000,212000000,2000000,2000000,0
2026-05-05T16:55:17.986173,274858745643375,0.476493,22.452,1001.064,0.0,291.715,495.285,535.16,2.099,459.608,4.197,2.099,0.0,10698123,477000000,0,139000000,236000000,255000000,1000000,219000000,2000000,1000000,0
2026-05-05T16:55:18.453458,274859212934833,0.467293,30.677,954.434,0.0,288.898,509.317,554.256,0.0,490.057,4.28,4.28,0.0,14334965,446000000,0,135000000,238000000,259000000,0,229000000,2000000,2000000,0
