attempt_idx,phase,idx_within_phase,attempt_pid,wall_clock_ns,gpu_t_start_raw,gpu_t_end_raw,gpu_delta_raw,cpu_encode_ns,cpu_commit_ns,cpu_wait_ns,cpu_total_ns
0,calibration,0,30299,28264460793000,28264464372833,28264464573250,200417,443333,25708,3397375,3866416
0,calibration,1,30299,28264464776875,28264464873500,28264464880166,6666,22000,7375,127792,157167
0,calibration,2,30299,28264464956083,28264465031041,28264465037541,6500,10166,3417,122208,135791
0,calibration,3,30299,28264465117875,28264465193625,28264465199708,6083,16333,4250,119042,139625
0,calibration,4,30299,28264465273416,28264465340625,28264465347041,6416,9167,3125,111541,123833
0,calibration,5,30299,28264465410625,28264465480125,28264465486500,6375,8459,2708,118417,129584
0,calibration,6,30299,28264465565916,28264465641000,28264465647333,6333,12334,5250,116833,134417
0,calibration,7,30299,28264465718291,28264465794166,28264465800125,5959,8292,2833,136750,147875
0,calibration,8,30299,28264465877708,28264465944708,28264465994375,49667,8042,3167,165833,177042
0,calibration,9,30299,28264466075916,28264466143791,28264466150208,6417,10125,3583,128375,142083
0,measured,0,30299,28264470721208,28264470795541,28264470802041,6500,8958,2375,127750,139083
0,measured,1,30299,28264475021500,28264475073916,28264475170291,96375,8500,2291,196500,207291
0,measured,2,30299,28264479427583,28264479500333,28264479507208,6875,6709,2333,120125,129167
0,measured,3,30299,28264483666250,28264483723625,28264483749083,25458,6250,1959,125666,133875
0,measured,4,30299,28264487698291,28264487757333,28264487763791,6458,6167,1625,107833,115625
0,measured,5,30299,28264491837208,28264491966291,28264491972458,6167,7375,2209,197000,206584
0,measured,6,30299,28264496057083,28264496123125,28264496129625,6500,8833,2250,108250,119333
0,measured,7,30299,28264500099250,28264500178625,28264500185041,6416,7292,2500,137083,146875
0,measured,8,30299,28264504370541,28264504447416,28264504454416,7000,7125,2667,137375,147167
0,measured,9,30299,28264508577041,28264508627875,28264508637833,9958,6500,2375,105083,113958
0,measured,10,30299,28264512585333,28264512649625,28264512656375,6750,7375,2375,107209,116959
0,measured,11,30299,28264516780000,28264516832000,28264516842875,10875,6958,2292,115750,125000
0,measured,12,30299,28264520768791,28264520830041,28264520836541,6500,6458,2000,108625,117083
0,measured,13,30299,28264524940583,28264524999541,28264525073208,73667,7167,2333,195250,204750
0,measured,14,30299,28264529036916,28264529099666,28264529106291,6625,7125,2125,109417,118667
0,measured,15,30299,28264532971916,28264533024208,28264533031000,6792,7375,1875,91958,101208
0,measured,16,30299,28264536700708,28264536753500,28264536760000,6500,7708,1917,91833,101458
0,measured,17,30299,28264540541458,28264540591291,28264540597583,6292,7375,1792,87292,96459
0,measured,18,30299,28264544346833,28264544404625,28264544411291,6666,8500,2625,95083,106208
0,measured,19,30299,28264548360500,28264548412958,28264548419541,6583,7375,2291,91625,101291
0,measured,20,30299,28264552012625,28264552062250,28264552068583,6333,7000,2125,89333,98458
0,measured,21,30299,28264555454291,28264555504833,28264555511125,6292,7125,1750,87583,96458
0,measured,22,30299,28264559208291,28264559251166,28264559255541,4375,7333,2000,88500,97833
0,measured,23,30299,28264562690958,28264562740750,28264562747166,6416,7084,1750,88833,97667
0,measured,24,30299,28264566461791,28264566511083,28264566517250,6167,7458,1833,90334,99625
0,measured,25,30299,28264569848875,28264569898541,28264569902166,3625,7125,1917,88583,97625
0,measured,26,30299,28264572780000,28264572833958,28264572837916,3958,10292,1750,107042,119084
0,measured,27,30299,28264575757291,28264575797708,28264575801541,3833,5500,1791,80625,87916
0,measured,28,30299,28264578938833,28264578988583,28264578992250,3667,6917,2125,86333,95375
0,measured,29,30299,28264581848291,28264581897458,28264581901125,3667,6541,1917,89708,98166
0,measured,30,30299,28264584735625,28264584786250,28264584790208,3958,7083,2250,230875,240208
0,measured,31,30299,28264587586250,28264587635708,28264587638708,3000,7042,2083,85958,95083
0,measured,32,30299,28264590231708,28264590282333,28264590285166,2833,7083,2417,87625,97125
0,measured,33,30299,28264592882208,28264592929541,28264592932458,2917,6791,2125,91584,100500
0,measured,34,30299,28264595768583,28264595815833,28264595818875,3042,7042,2166,81542,90750
0,measured,35,30299,28264598460208,28264598506958,28264598510041,3083,6250,1834,85041,93125
0,measured,36,30299,28264601175958,28264601226750,28264601229833,3083,5917,2000,105125,113042
0,measured,37,30299,28264604216208,28264604263000,28264604266708,3708,5917,1875,83625,91417
0,measured,38,30299,28264607062958,28264607130000,28264607133833,3833,6417,2000,125625,134042
0,measured,39,30299,28264610157750,28264610207958,28264610213541,5583,7541,2084,86541,96166
0,measured,40,30299,28264612939625,28264612990250,28264612993875,3625,7083,2083,86792,95958
0,measured,41,30299,28264615754958,28264615803958,28264615807708,3750,7417,2625,88833,98875
0,measured,42,30299,28264618826791,28264618875750,28264618882333,6583,5916,1750,84917,92583
0,measured,43,30299,28264622599375,28264622653375,28264622660583,7208,7792,2291,101500,111583
0,measured,44,30299,28264625833291,28264625884000,28264625887916,3916,7375,2250,99125,108750
0,measured,45,30299,28264629318916,28264629368958,28264629375125,6167,6875,2042,87875,96792
0,measured,46,30299,28264632810625,28264632861375,28264632865000,3625,7000,2333,88625,97958
0,measured,47,30299,28264636070541,28264636122291,28264636128791,6500,6875,2042,89291,98208
0,measured,48,30299,28264639656375,28264639708625,28264639715208,6583,6542,1958,98708,107208
0,measured,49,30299,28264643323541,28264643374083,28264643380333,6250,6292,2125,90000,98417
0,measured,50,30299,28264646769083,28264646818875,28264646825416,6541,6042,1791,89209,97042
0,measured,51,30299,28264650590583,28264650628333,28264650633958,5625,5000,1708,88583,95291
0,measured,52,30299,28264654167875,28264654218416,28264654224958,6542,6084,1958,90417,98459
0,measured,53,30299,28264657952708,28264658035625,28264658041875,6250,6750,2500,139750,149000
0,measured,54,30299,28264661642291,28264661682250,28264661692083,9833,6250,1958,89625,97833
0,measured,55,30299,28264665325041,28264665376083,28264665382666,6583,7667,2458,85042,95167
0,measured,56,30299,28264668906916,28264668958250,28264668964750,6500,6750,2167,89875,98792
0,measured,57,30299,28264672613125,28264672666875,28264672673291,6416,6500,1875,89667,98042
0,measured,58,30299,28264676110666,28264676163416,28264676170083,6667,6916,2084,87875,96875
0,measured,59,30299,28264679640791,28264679693000,28264679699458,6458,8958,2167,86750,97875
0,measured,60,30299,28264683246375,28264683297625,28264683304125,6500,6917,2291,97500,106708
0,measured,61,30299,28264686814666,28264686864416,28264686870750,6334,6250,1917,88292,96459
0,measured,62,30299,28264690408666,28264690460583,28264690467250,6667,7042,2208,89667,98917
0,measured,63,30299,28264694045916,28264694099583,28264694106125,6542,6333,2167,86916,95416
0,measured,64,30299,28264697935208,28264697991333,28264697997625,6292,8875,2708,91833,103416
0,measured,65,30299,28264701725750,28264701780791,28264701787000,6209,8875,6333,86208,101416
0,measured,66,30299,28264705818958,28264705878416,28264705885083,6667,9375,2875,92583,104833
0,measured,67,30299,28264709402291,28264709453041,28264709459708,6667,6375,1833,87833,96041
0,measured,68,30299,28264712979250,28264713032041,28264713038291,6250,6792,2083,92458,101333
0,measured,69,30299,28264716748208,28264716803041,28264716809291,6250,8000,2417,90333,100750
0,measured,70,30299,28264720404916,28264720456375,28264720463041,6666,7708,2375,87917,98000
0,measured,71,30299,28264724229208,28264724286416,28264724292958,6542,8167,2167,96541,106875
0,measured,72,30299,28264727856875,28264727906666,28264727913083,6417,6875,1834,88833,97542
0,measured,73,30299,28264731602041,28264731654125,28264731660375,6250,6709,2458,93750,102917
0,measured,74,30299,28264735488250,28264735546250,28264735552708,6458,8750,3458,97375,109583
0,measured,75,30299,28264738975250,28264739021333,28264739300875,279542,8458,2875,358208,369541
0,measured,76,30299,28264742896875,28264742952166,28264742958541,6375,8083,2083,97459,107625
0,measured,77,30299,28264746933625,28264746985125,28264746991291,6166,6792,2000,92000,100792
0,measured,78,30299,28264750528166,28264750590250,28264750599708,9458,8583,3875,108917,121375
0,measured,79,30299,28264754186750,28264754240083,28264754246583,6500,7666,2292,89750,99708
0,measured,80,30299,28264757906833,28264757960875,28264757967375,6500,7708,2542,90500,100750
0,measured,81,30299,28264761659125,28264761710541,28264761716791,6250,7417,1875,89250,98542
0,measured,82,30299,28264765367041,28264765421125,28264765427750,6625,7709,2958,90042,100709
0,measured,83,30299,28264769162791,28264769215625,28264769222000,6375,7666,2459,89666,99791
1,calibration,0,30305,28271920319291,28271924738708,28271924746750,8042,525792,26625,3952333,4504750
1,calibration,1,30305,28271924975625,28271925080708,28271925087083,6375,30375,9666,133042,173083
1,calibration,2,30305,28271925178708,28271925263083,28271925269875,6792,12792,4333,133125,150250
1,calibration,3,30305,28271925344875,28271925431791,28271925438500,6709,13500,3167,133250,149917
1,calibration,4,30305,28271925524208,28271925614250,28271925620750,6500,15417,4791,133167,153375
1,calibration,5,30305,28271925707625,28271925788083,28271925794250,6167,15250,5167,119750,140167
1,calibration,6,30305,28271925866625,28271925947791,28271925954375,6584,9917,3250,132583,145750
1,calibration,7,30305,28271926030708,28271926113541,28271926120333,6792,8042,3125,141375,152542
1,calibration,8,30305,28271926198125,28271926282458,28271926288833,6375,8542,3208,148625,160375
1,calibration,9,30305,28271926371583,28271926429166,28271926435125,5959,8250,2750,319375,330375
1,measured,0,30305,28271931064291,28271931149250,28271931156041,6791,8333,2417,148917,159667
1,measured,1,30305,28271935457458,28271935529916,28271935536375,6459,9792,2791,129375,141958
1,measured,2,30305,28271940090375,28271940144750,28271940151208,6458,7417,2250,129583,139250
1,measured,3,30305,28271944494000,28271944568708,28271944575166,6458,8500,2875,125875,137250
1,measured,4,30305,28271948949375,28271949014291,28271949020791,6500,8459,2041,117750,128250
1,measured,5,30305,28271953259125,28271953323791,28271953330333,6542,8959,2291,109209,120459
1,measured,6,30305,28271957459666,28271957521583,28271957533500,11917,10500,1916,128292,140708
1,measured,7,30305,28271961662541,28271961726500,28271961732833,6333,7291,2417,108042,117750
1,measured,8,30305,28271965758250,28271965824416,28271965831041,6625,7291,2542,107542,117375
1,measured,9,30305,28271969921333,28271969985458,28271969991875,6417,7750,2375,104583,114708
1,measured,10,30305,28271973873250,28271973937041,28271973943375,6334,6250,2250,110542,119042
1,measured,11,30305,28271978015625,28271978090833,28271978097083,6250,9292,3042,118166,130500
1,measured,12,30305,28271982105000,28271982187958,28271982194458,6500,8250,2583,159250,170083
1,measured,13,30305,28271986112583,28271986172791,28271986179333,6542,6958,1959,104416,113333
1,measured,14,30305,28271990134041,28271990196583,28271990202875,6292,6292,2000,105791,114083
1,measured,15,30305,28271994197666,28271994262166,28271994268250,6084,7291,2375,108334,118000
1,measured,16,30305,28271998374583,28271998441750,28271998448291,6541,9042,2833,106833,118708
1,measured,17,30305,28272002618041,28272002682875,28272002689375,6500,8000,2375,106959,117334
1,measured,18,30305,28272006590166,28272006652625,28272006659291,6666,7917,2125,102833,112875
1,measured,19,30305,28272010578833,28272010641791,28272010648083,6292,6709,2166,112917,121792
1,measured,20,30305,28272014697083,28272014759583,28272014766083,6500,8292,2292,104208,114792
1,measured,21,30305,28272018803666,28272018867125,28272018873791,6666,8584,2291,105709,116584
1,measured,22,30305,28272022639916,28272022699458,28272022823583,124125,6792,2375,234000,243167
1,measured,23,30305,28272026971583,28272027036208,28272027042416,6208,8584,2708,107125,118417
1,measured,24,30305,28272031063416,28272031136666,28272031143250,6584,7667,2083,121125,130875
1,measured,25,30305,28272035294458,28272035359666,28272035366208,6542,8542,2458,112042,123042
1,measured,26,30305,28272039358125,28272039429583,28272039435958,6375,9458,2459,116500,128417
1,measured,27,30305,28272043532083,28272043594875,28272043601125,6250,6083,2167,104416,112666
1,measured,28,30305,28272047265666,28272047317791,28272047324333,6542,7209,2166,91250,100625
1,measured,29,30305,28272050894083,28272050945000,28272050951541,6541,6583,1958,92084,100625
1,measured,30,30305,28272054497333,28272054547541,28272054553750,6209,7042,2333,96875,106250
1,measured,31,30305,28272058360791,28272058422291,28272058428375,6084,7084,2125,110125,119334
1,measured,32,30305,28272062091166,28272062130625,28272062455166,324541,7917,2417,413958,424292
1,measured,33,30305,28272065957958,28272066012083,28272066018708,6625,6542,2500,94250,103292
1,measured,34,30305,28272069847625,28272069900958,28272069907416,6458,7584,2708,88750,99042
1,measured,35,30305,28272073286541,28272073329833,28272073505250,175417,6666,2250,258959,267875
1,measured,36,30305,28272077190541,28272077248833,28272077255208,6375,7541,6834,89750,104125
1,measured,37,30305,28272080965500,28272081015875,28272081022416,6541,6292,1916,91792,100000
1,measured,38,30305,28272084614791,28272084665458,28272084672541,7083,6416,1875,103334,111625
1,measured,39,30305,28272088170166,28272088221250,28272088227416,6166,6333,1958,91292,99583
1,measured,40,30305,28272092082416,28272092139333,28272092159625,20292,7750,2584,118458,128792
1,measured,41,30305,28272096025291,28272096083166,28272096089708,6542,9375,2834,89333,101542
1,measured,42,30305,28272099641250,28272099692833,28272099699416,6583,6708,2334,92125,101167
1,measured,43,30305,28272103341875,28272103395250,28272103401583,6333,8166,2500,90875,101541
1,measured,44,30305,28272106928041,28272106978208,28272106984958,6750,6166,2125,92250,100541
1,measured,45,30305,28272110548375,28272110602291,28272110608833,6542,8000,2375,85250,95625
1,measured,46,30305,28272114388041,28272114444583,28272114451500,6917,6542,2000,108166,116708
1,measured,47,30305,28272118022791,28272118081458,28272118087750,6292,9000,2875,96041,107916
1,measured,48,30305,28272121583166,28272121637083,28272121643458,6375,7083,2500,89000,98583
1,measured,49,30305,28272125632375,28272125684583,28272125691208,6625,6500,2375,92916,101791
1,measured,50,30305,28272129470958,28272129522375,28272129529125,6750,6709,2125,90583,99417
1,measured,51,30305,28272132984708,28272133041791,28272133048166,6375,8500,3000,94875,106375
1,measured,52,30305,28272136922000,28272136972708,28272136979208,6500,6208,1959,90541,98708
1,measured,53,30305,28272140529500,28272140580333,28272140586791,6458,6500,1875,83625,92000
1,measured,54,30305,28272144424958,28272144474708,28272144481041,6333,6125,2042,89625,97792
1,measured,55,30305,28272148043666,28272148094541,28272148100791,6250,7291,2209,87583,97083
1,measured,56,30305,28272151800875,28272151851791,28272151858333,6542,6083,2042,81167,89292
1,measured,57,30305,28272155020958,28272155068541,28272155074958,6417,5667,2000,74750,82417
1,measured,58,30305,28272158520125,28272158557916,28272158567083,9167,5750,2292,86583,94625
1,measured,59,30305,28272161887500,28272161940416,28272161946750,6334,7917,2500,82708,93125
1,measured,60,30305,28272165304166,28272165355625,28272165362250,6625,6500,2000,86708,95208
1,measured,61,30305,28272169066041,28272169117708,28272169124166,6458,7583,2417,92458,102458
1,measured,62,30305,28272172714583,28272172765958,28272172772291,6333,8417,2625,85291,96333
1,measured,63,30305,28272176256791,28272176310791,28272176317083,6292,7709,2208,88792,98709
1,measured,64,30305,28272179801375,28272179849291,28272179855708,6417,5750,2167,86625,94542
1,measured,65,30305,28272183570583,28272183612958,28272183625541,12583,6750,2084,80250,89084
1,measured,66,30305,28272186990916,28272187042208,28272187048583,6375,6334,1958,86500,94792
1,measured,67,30305,28272190504708,28272190555500,28272190561791,6291,6167,2042,84166,92375
1,measured,68,30305,28272194344583,28272194395916,28272194402416,6500,6000,2167,81208,89375
1,measured,69,30305,28272197582791,28272197639541,28272197645750,6209,6458,2292,103458,112208
1,measured,70,30305,28272201630000,28272201692541,28272201699500,6959,6291,2167,95000,103458
1,measured,71,30305,28272205242833,28272205299750,28272205306083,6333,8791,2250,82084,93125
1,measured,72,30305,28272208783750,28272208836500,28272208843083,6583,6000,2083,84792,92875
1,measured,73,30305,28272212322583,28272212373666,28272212380000,6334,7166,2250,87917,97333
1,measured,74,30305,28272215954291,28272216005833,28272216012166,6333,6291,2042,92083,100416
1,measured,75,30305,28272219834000,28272219883666,28272219890041,6375,6750,1792,88958,97500
1,measured,76,30305,28272223248208,28272223300166,28272223306541,6375,6708,2167,90208,99083
1,measured,77,30305,28272227279250,28272227341125,28272227347708,6583,8084,3041,92084,103209
1,measured,78,30305,28272231122750,28272231174666,28272231181041,6375,7125,2208,87042,96375
1,measured,79,30305,28272234763333,28272234950125,28272234956416,6291,6292,2167,224750,233209
1,measured,80,30305,28272238617083,28272238670916,28272238677583,6667,7125,4666,86584,98375
1,measured,81,30305,28272242543708,28272242599875,28272242606500,6625,9292,2666,85625,97583
1,measured,82,30305,28272246115708,28272246168041,28272246174250,6209,7292,2417,87708,97417
1,measured,83,30305,28272249757625,28272249810333,28272249816500,6167,8084,2333,88250,98667
2,calibration,0,30308,28279371291958,28279375095125,28279375104250,9125,487958,25375,3389750,3903083
2,calibration,1,30308,28279375289291,28279375365291,28279375371708,6417,19750,7833,120125,147708
2,calibration,2,30308,28279375460625,28279375535916,28279375702416,166500,10500,3917,293333,307750
2,calibration,3,30308,28279375793625,28279375902416,28279375907875,5459,19375,4875,154208,178458
2,calibration,4,30308,28279375987208,28279376047291,28279376093125,45834,9667,3458,160500,173625
2,calibration,5,30308,28279376185833,28279376262416,28279376268875,6459,14667,4458,114625,133750
2,calibration,6,30308,28279376334208,28279376405208,28279376411708,6500,9125,3375,121625,134125
2,calibration,7,30308,28279376482125,28279376676875,28279376683291,6416,8250,2917,242208,253375
2,calibration,8,30308,28279376745333,28279376810541,28279376817041,6500,6916,2875,115209,125000
2,calibration,9,30308,28279376882083,28279376948708,28279376955000,6292,7459,2875,116541,126875
2,measured,0,30308,28279380870541,28279380934291,28279380940750,6459,6625,2333,112167,121125
2,measured,1,30308,28279385455666,28279385531125,28279385537500,6375,9250,2833,133500,145583
2,measured,2,30308,28279389982041,28279390061875,28279390072541,10666,9209,3041,137292,149542
2,measured,3,30308,28279394144083,28279394207375,28279394213833,6458,6875,2084,111958,120917
2,measured,4,30308,28279398033958,28279398081833,28279398096416,14583,6292,2125,109083,117500
2,measured,5,30308,28279402648541,28279402715458,28279402721791,6333,8125,2458,123667,134250
2,measured,6,30308,28279407166458,28279407235541,28279407242208,6667,9834,2166,120959,132959
2,measured,7,30308,28279411367625,28279411430666,28279411437208,6542,6750,2250,111709,120709
2,measured,8,30308,28279415506208,28279415572333,28279415578750,6417,7125,2292,156875,166292
2,measured,9,30308,28279419513541,28279419587500,28279419593791,6291,7292,2208,127417,136917
2,measured,10,30308,28279423867833,28279423931583,28279423938083,6500,7834,2458,107958,118250
2,measured,11,30308,28279428051750,28279428127791,28279428134375,6584,10167,4458,116667,131292
2,measured,12,30308,28279432338500,28279432397000,28279432407208,10208,5917,1917,120000,127834
2,measured,13,30308,28279436467000,28279436512291,28279436518500,6209,7500,2541,94584,104625
2,measured,14,30308,28279440500083,28279440561750,28279440568416,6666,5916,1917,106458,114291
2,measured,15,30308,28279444489208,28279444552875,28279444559500,6625,7375,2250,107583,117208
2,measured,16,30308,28279448392583,28279448457416,28279448463875,6459,7791,2750,108042,118583
2,measured,17,30308,28279452482833,28279452555000,28279452561291,6291,6542,2000,120292,128834
2,measured,18,30308,28279456688708,28279456754625,28279456761125,6500,6250,1875,123625,131750
2,measured,19,30308,28279460801375,28279460873000,28279460879583,6583,8000,2417,116750,127167
2,measured,20,30308,28279465009708,28279465072958,28279465079166,6208,7666,2292,109042,119000
2,measured,21,30308,28279469119750,28279469182708,28279469189083,6375,7917,2250,106583,116750
2,measured,22,30308,28279473139000,28279473210416,28279473217125,6709,8333,2417,119708,130458
2,measured,23,30308,28279477322416,28279477373958,28279477380541,6583,7334,1833,90375,99542
2,measured,24,30308,28279480824208,28279480877541,28279480883833,6292,7459,2125,91375,100959
2,measured,25,30308,28279484608375,28279484667250,28279484674250,7000,8667,2375,107458,118500
2,measured,26,30308,28279488527791,28279488582583,28279488589166,6583,10042,1708,85208,96958
2,measured,27,30308,28279492136875,28279492199583,28279492206208,6625,8875,2542,101292,112709
2,measured,28,30308,28279496115041,28279496165791,28279496172416,6625,6459,2041,91375,99875
2,measured,29,30308,28279499579458,28279499633541,28279499639625,6084,6083,2125,93167,101375
2,measured,30,30308,28279503262208,28279503311125,28279503317666,6541,6709,1916,93125,101750
2,measured,31,30308,28279507022750,28279507072833,28279507079250,6417,6709,1875,90916,99500
2,measured,32,30308,28279510687916,28279510737458,28279510743708,6250,6083,1875,87417,95375
2,measured,33,30308,28279514117208,28279514169541,28279514175708,6167,7292,2458,88250,98000
2,measured,34,30308,28279517778666,28279517835458,28279517841958,6500,6917,2208,98875,108000
2,measured,35,30308,28279521570583,28279521624625,28279521631166,6541,7000,2250,87625,96875
2,measured,36,30308,28279525081500,28279525151125,28279525157333,6208,7625,3166,112709,123500
2,measured,37,30308,28279528674875,28279528726958,28279528733250,6292,7334,2125,88375,97834
2,measured,38,30308,28279532315750,28279532367666,28279532374208,6542,6917,2708,90000,99625
2,measured,39,30308,28279536020041,28279536071166,28279536077791,6625,6333,1958,88750,97041
2,measured,40,30308,28279539681833,28279539735875,28279539742416,6541,7417,2417,93083,102917
2,measured,41,30308,28279543459625,28279543516666,28279543522916,6250,7459,2000,91958,101417
2,measured,42,30308,28279547053666,28279547107375,28279547114041,6666,7792,2541,83375,93708
2,measured,43,30308,28279550591625,28279550655500,28279550661958,6458,5958,2042,114875,122875
2,measured,44,30308,28279554219875,28279554270000,28279554276125,6125,6750,1958,89542,98250
2,measured,45,30308,28279557858125,28279557919541,28279557930208,10667,7375,2291,101834,111500
2,measured,46,30308,28279561422500,28279561472333,28279561478666,6333,5667,1791,85209,92667
2,measured,47,30308,28279565107291,28279565157458,28279565164000,6542,7291,2084,85583,94958
2,measured,48,30308,28279568792916,28279568843500,28279568849916,6416,7167,2042,87625,96834
2,measured,49,30308,28279572212541,28279572265000,28279572271083,6083,6750,2083,91167,100000
2,measured,50,30308,28279575885666,28279575924583,28279575934375,9792,7292,2667,87625,97584
2,measured,51,30308,28279579813500,28279579872000,28279579878416,6416,9208,3000,92542,104750
2,measured,52,30308,28279583347208,28279583388041,28279583396541,8500,7875,2417,93792,104084
2,measured,53,30308,28279587045041,28279587095875,28279587102250,6375,6584,2000,90875,99459
2,measured,54,30308,28279590670000,28279590722958,28279590729458,6500,7333,2209,92500,102042
2,measured,55,30308,28279594285833,28279594334958,28279594341541,6583,6000,1917,89708,97625
2,measured,56,30308,28279597735333,28279597787333,28279597793666,6333,6584,2208,91042,99834
2,measured,57,30308,28279601880250,28279601934250,28279601940375,6125,6875,2250,94375,103500
2,measured,58,30308,28279605723958,28279605775041,28279605781666,6625,6542,2000,91667,100209
2,measured,59,30308,28279609310666,28279609357333,28279609363916,6583,9666,2250,87792,99708
2,measured,60,30308,28279612867083,28279612918625,28279612924916,6291,7542,2083,89875,99500
2,measured,61,30308,28279616686750,28279616751958,28279616758166,6208,7458,2459,131541,141458
2,measured,62,30308,28279620371541,28279620422958,28279620429458,6500,7959,2375,93625,103959
2,measured,63,30308,28279624198375,28279624255416,28279624261916,6500,8333,2750,93542,104625
2,measured,64,30308,28279627958125,28279628008000,28279628014583,6583,6250,1834,90166,98250
2,measured,65,30308,28279631635458,28279631691166,28279631697541,6375,10250,3417,86083,99750
2,measured,66,30308,28279635433958,28279635481416,28279635484000,2584,6459,2041,84875,93375
2,measured,67,30308,28279637962625,28279638011166,28279638013708,2542,6584,1916,91292,99792
2,measured,68,30308,28279640553250,28279640600916,28279640603250,2334,6167,2250,89333,97750
2,measured,69,30308,28279643166541,28279643389875,28279643392458,2583,7250,2500,265208,274958
2,measured,70,30308,28279645876083,28279645923416,28279645926208,2792,6500,2083,96583,105166
2,measured,71,30308,28279648577541,28279648626625,28279648629000,2375,6416,2167,94875,103458
2,measured,72,30308,28279651242958,28279651290583,28279651292916,2333,6166,1875,91542,99583
2,measured,73,30308,28279653900583,28279653949000,28279653951458,2458,6792,2041,86584,95417
2,measured,74,30308,28279656461500,28279656519083,28279656521625,2542,8958,2917,99083,110958
2,measured,75,30308,28279659087041,28279659136541,28279659139083,2542,6291,1959,104166,112416
2,measured,76,30308,28279661799041,28279661848583,28279661851083,2500,7750,2250,83875,93875
2,measured,77,30308,28279664602208,28279664652125,28279664654666,2541,6083,2083,90292,98458
2,measured,78,30308,28279667303250,28279667354416,28279667356875,2459,6500,1875,105333,113708
2,measured,79,30308,28279670097500,28279670140875,28279670145875,5000,7333,5042,92333,104708
2,measured,80,30308,28279672849041,28279672896958,28279672899541,2583,6667,2041,86875,95583
2,measured,81,30308,28279675581166,28279675632916,28279675635458,2542,8208,2750,89292,100250
2,measured,82,30308,28279678395791,28279678443875,28279678446500,2625,6333,1917,86833,95083
2,measured,83,30308,28279680884083,28279680931125,28279680933708,2583,6792,2042,80250,89084
3,calibration,0,30310,28286805882583,28286809615041,28286809626916,11875,443292,25916,3343792,3813000
3,calibration,1,30310,28286809800416,28286810009833,28286810016000,6167,20791,6250,245459,272500
3,calibration,2,30310,28286810109458,28286810190958,28286810197666,6708,14791,4209,119250,138250
3,calibration,3,30310,28286810262416,28286810329750,28286810350958,21208,11291,2542,127208,141041
3,calibration,4,30310,28286810430708,28286810493791,28286810500208,6417,15750,4500,94250,114500
3,calibration,5,30310,28286810558958,28286810627500,28286810633625,6125,8916,3250,108375,120541
3,calibration,6,30310,28286810690625,28286810755083,28286810761625,6542,7625,2834,107833,118292
3,calibration,7,30310,28286810821250,28286810884875,28286810891375,6500,7292,2791,107542,117625
3,calibration,8,30310,28286810949458,28286811012916,28286811019166,6250,7125,2458,110250,119833
3,calibration,9,30310,28286811079250,28286811143416,28286811149541,6125,6792,2625,108875,118292
3,measured,0,30310,28286815253125,28286815315750,28286815322416,6666,5459,1916,107750,115125
3,measured,1,30310,28286819357208,28286819428958,28286819435708,6750,7042,2583,128458,138083
3,measured,2,30310,28286823864250,28286823928416,28286823934791,6375,6833,2209,116083,125125
3,measured,3,30310,28286827998375,28286828060750,28286828067083,6333,6167,1958,109125,117250
3,measured,4,30310,28286832049750,28286832112833,28286832119375,6542,7833,2375,139584,149792
3,measured,5,30310,28286836274416,28286836336750,28286836343125,6375,7208,1917,109416,118541
3,measured,6,30310,28286840255958,28286840323000,28286840329458,6458,10083,2542,106416,119041
3,measured,7,30310,28286844471000,28286844535458,28286844541666,6208,5792,2000,109958,117750
3,measured,8,30310,28286848467541,28286848529166,28286848535916,6750,5791,1792,109542,117125
3,measured,9,30310,28286852529625,28286852590583,28286852597000,6417,5500,1917,107291,114708
3,measured,10,30310,28286856610708,28286856674875,28286856681208,6333,7292,2375,110375,120042
3,measured,11,30310,28286860359125,28286860410625,28286860416833,6208,7208,2292,88625,98125
3,measured,12,30310,28286863922666,28286863971125,28286863977750,6625,6292,1875,86125,94292
3,measured,13,30310,28286867788000,28286867841833,28286867848291,6458,8166,2125,84292,94583
3,measured,14,30310,28286871418166,28286871476166,28286871482458,6292,9167,5667,93541,108375
3,measured,15,30310,28286875262333,28286875313458,28286875319791,6333,7459,1833,91750,101042
3,measured,16,30310,28286879029541,28286879087333,28286879093750,6417,9125,2292,91917,103334
3,measured,17,30310,28286882850500,28286882902583,28286882909333,6750,6375,1916,93917,102208
3,measured,18,30310,28286886580083,28286886631333,28286886637708,6375,7459,1750,90958,100167
3,measured,19,30310,28286890382375,28286890438916,28286890445166,6250,7250,2250,103417,112917
3,measured,20,30310,28286894155833,28286894210125,28286894216625,6500,8209,2208,86667,97084
3,measured,21,30310,28286898059750,28286898116250,28286898123458,7208,7458,1917,107750,117125
3,measured,22,30310,28286901794083,28286901847666,28286901854750,7084,8417,2041,102500,112958
3,measured,23,30310,28286905554625,28286905607625,28286905613916,6291,6834,1875,87083,95792
3,measured,24,30310,28286909319958,28286909382333,28286909387791,5458,7417,2417,115500,125334
3,measured,25,30310,28286912981083,28286913032625,28286913039333,6708,7125,1834,90250,99209
3,measured,26,30310,28286916843666,28286916890500,28286916899666,9166,9834,1500,97500,108834
3,measured,27,30310,28286920445208,28286920494125,28286920500625,6500,6666,1834,86083,94583
3,measured,28,30310,28286924196916,28286924239041,28286924246166,7125,6417,1833,112000,120250
3,measured,29,30310,28286927886541,28286927936291,28286927942708,6417,6208,1792,90458,98458
3,measured,30,30310,28286931470583,28286931523125,28286931529541,6416,6959,2500,85958,95417
3,measured,31,30310,28286935308916,28286935359041,28286935365208,6167,5458,1709,88250,95417
3,measured,32,30310,28286939078666,28286939130833,28286939137500,6667,7083,2667,109083,118833
3,measured,33,30310,28286942795500,28286942850083,28286942856708,6625,7084,1875,96041,105000
3,measured,34,30310,28286946388833,28286946438750,28286946444958,6208,6375,1875,90958,99208
3,measured,35,30310,28286950207750,28286950261125,28286950271791,10666,6833,1959,123416,132208
3,measured,36,30310,28286953877916,28286953929250,28286953935916,6666,6333,1917,91333,99583
3,measured,37,30310,28286957713208,28286957762875,28286957769458,6583,6042,1833,90334,98209
3,measured,38,30310,28286961438958,28286961489333,28286961495791,6458,6375,1875,91750,100000
3,measured,39,30310,28286965053250,28286965103541,28286965109750,6209,6500,2208,85667,94375
3,measured,40,30310,28286968727833,28286968782041,28286968788500,6459,7084,3000,92375,102459
3,measured,41,30310,28286972455458,28286972522208,28286972528833,6625,16417,2708,88458,107583
3,measured,42,30310,28286976104666,28286976156083,28286976163083,7000,6541,2042,101000,109583
3,measured,43,30310,28286979700791,28286979754541,28286979760791,6250,8333,2333,91167,101833
3,measured,44,30310,28286983312291,28286983363375,28286983372166,8791,7041,2250,92959,102250
3,measured,45,30310,28286986977291,28286987022958,28286987186125,163167,7166,2667,240500,250333
3,measured,46,30310,28286990771250,28286990812041,28286990818583,6542,7500,2708,102042,112250
3,measured,47,30310,28286994434000,28286994483333,28286994489541,6208,6792,1875,86250,94917
3,measured,48,30310,28286998137000,28286998184916,28286998191583,6667,5958,1834,84791,92583
3,measured,49,30310,28287001800541,28287001855791,28287001862666,6875,6291,5084,90916,102291
3,measured,50,30310,28287005222166,28287005309375,28287005316916,7541,7250,2208,132792,142250
3,measured,51,30310,28287008968583,28287009026125,28287009032333,6208,8167,2625,88750,99542
3,measured,52,30310,28287012621708,28287012673500,28287012680208,6708,6792,1917,92125,100834
3,measured,53,30310,28287016415166,28287016479000,28287016633875,154875,5500,2500,252083,260083
3,measured,54,30310,28287020127375,28287020179583,28287020186041,6458,7542,2125,88416,98083
3,measured,55,30310,28287023827583,28287023877708,28287023884041,6333,7000,2292,84458,93750
3,measured,56,30310,28287027530791,28287027581041,28287027587625,6584,6416,1959,90583,98958
3,measured,57,30310,28287031283708,28287031336583,28287031343333,6750,6375,2125,96084,104584
3,measured,58,30310,28287035026625,28287035094416,28287035101500,7084,13625,3041,117917,134583
3,measured,59,30310,28287038536375,28287038588958,28287038595333,6375,8625,1917,89833,100375
3,measured,60,30310,28287042281458,28287042326000,28287042335041,9041,6750,1959,102833,111542
3,measured,61,30310,28287046217166,28287046272416,28287046279583,7167,6666,2042,103333,112041
3,measured,62,30310,28287049764625,28287049813416,28287049821250,7834,6667,1958,100167,108792
3,measured,63,30310,28287053514458,28287053565750,28287053572041,6291,7500,2042,89500,99042
3,measured,64,30310,28287057051875,28287057095500,28287057109083,13583,7167,2416,105959,115542
3,measured,65,30310,28287060705791,28287060757375,28287060763875,6500,7208,2125,88708,98041
3,measured,66,30310,28287064330833,28287064382875,28287064389458,6583,7791,2667,88708,99166
3,measured,67,30310,28287068009041,28287068064416,28287068070958,6542,7833,2542,87167,97542
3,measured,68,30310,28287071607541,28287071654916,28287071661291,6375,7333,2667,95000,105000
3,measured,69,30310,28287075357375,28287075399083,28287075438541,39458,5959,2333,121958,130250
3,measured,70,30310,28287079396500,28287079446125,28287079452750,6625,6333,1833,88750,96916
3,measured,71,30310,28287082823958,28287082883833,28287082889791,5958,7334,2666,134000,144000
3,measured,72,30310,28287086530625,28287086583083,28287086589625,6542,6958,2000,90875,99833
3,measured,73,30310,28287090176666,28287090228791,28287090235333,6542,6834,2041,87000,95875
3,measured,74,30310,28287093871708,28287093921791,28287093928125,6334,5958,1792,84125,91875
3,measured,75,30310,28287097483500,28287097537958,28287097544291,6333,7416,2542,89792,99750
3,measured,76,30310,28287100996041,28287101030916,28287101036500,5584,7291,2084,72291,81666
3,measured,77,30310,28287104527625,28287104582125,28287104588625,6500,6833,2125,92000,100958
3,measured,78,30310,28287108261500,28287108307125,28287108316833,9708,7125,2042,93375,102542
3,measured,79,30310,28287111842208,28287111893833,28287111899958,6125,6750,2084,89250,98084
3,measured,80,30310,28287115452791,28287115505208,28287115511875,6667,6166,2167,91875,100208
3,measured,81,30310,28287119115291,28287119166125,28287119172666,6541,6416,1834,86333,94583
3,measured,82,30310,28287122706416,28287122761625,28287122768125,6500,7833,2292,87625,97750
3,measured,83,30310,28287126387208,28287126426833,28287126435041,8208,7167,2083,78084,87334
4,calibration,0,30314,28294252241916,28294256461458,28294256469500,8042,520333,28625,3754750,4303708
4,calibration,1,30314,28294256691375,28294256788833,28294256795291,6458,29666,9042,123375,162083
4,calibration,2,30314,28294256879958,28294256953250,28294256959875,6625,11542,4000,117500,133042
4,calibration,3,30314,28294257030333,28294257105875,28294257112250,6375,12541,3250,121417,137208
4,calibration,4,30314,28294257193041,28294257260500,28294257266958,6458,14416,4375,139292,158083
4,calibration,5,30314,28294257369583,28294257444208,28294257450625,6417,9417,3333,124500,137250
4,calibration,6,30314,28294257520916,28294257589708,28294257596208,6500,8208,2834,121666,132708
4,calibration,7,30314,28294257681333,28294257748333,28294257754416,6083,14875,5708,112709,133292
4,calibration,8,30314,28294257825500,28294257887958,28294257896833,8875,7250,3000,119625,129875
4,calibration,9,30314,28294257966541,28294258022916,28294258166541,143625,7166,2792,246375,256333
4,measured,0,30314,28294262752333,28294262820791,28294262827541,6750,7333,2375,129083,138791
4,measured,1,30314,28294267361083,28294267426791,28294267433041,6250,13208,4625,111500,129333
4,measured,2,30314,28294271417500,28294271485041,28294271491541,6500,9083,2250,111625,122958
4,measured,3,30314,28294275705250,28294275764666,28294275773666,9000,8792,2583,105834,117209
4,measured,4,30314,28294279736291,28294279801708,28294279807791,6083,8250,2500,104833,115583
4,measured,5,30314,28294283924750,28294283987250,28294284076125,88875,6458,2000,198417,206875
4,measured,6,30314,28294288428041,28294288509250,28294288516333,7083,10542,2416,143500,156458
4,measured,7,30314,28294292639208,28294292699166,28294292721083,21917,6625,2416,140250,149291
4,measured,8,30314,28294297042916,28294297117250,28294297123833,6583,7583,2708,124667,134958
4,measured,9,30314,28294301188666,28294301239541,28294301273666,34125,5792,1833,130375,138000
4,measured,10,30314,28294305127916,28294305191500,28294305197958,6458,6417,2500,107791,116708
4,measured,11,30314,28294309233083,28294309291000,28294309302250,11250,6666,2292,122667,131625
4,measured,12,30314,28294313095875,28294313147958,28294313154375,6417,7125,2334,88958,98417
4,measured,13,30314,28294316719833,28294316771375,28294316777708,6333,6959,2166,88084,97209
4,measured,14,30314,28294320368958,28294320413125,28294320560458,147333,8834,2416,242542,253792
4,measured,15,30314,28294324058333,28294324110416,28294324116875,6459,7250,2167,90500,99917
4,measured,16,30314,28294327818041,28294327870708,28294327876916,6208,8041,2125,84625,94791
4,measured,17,30314,28294331846291,28294331898166,28294331904416,6250,7500,1833,92375,101708
4,measured,18,30314,28294335543041,28294335599000,28294335605375,6375,9000,2292,87583,98875
4,measured,19,30314,28294339348916,28294339401416,28294339408000,6584,7750,2250,94875,104875
4,measured,20,30314,28294343037666,28294343090916,28294343097333,6417,8750,2084,98416,109250
4,measured,21,30314,28294346675208,28294346727291,28294346733666,6375,7334,1916,91084,100334
4,measured,22,30314,28294350337875,28294350389208,28294350395708,6500,7125,1875,94083,103083
4,measured,23,30314,28294354098666,28294354149541,28294354156083,6542,7083,1959,88791,97833
4,measured,24,30314,28294357845750,28294357901250,28294357907458,6208,8958,2750,90708,102416
4,measured,25,30314,28294361623666,28294361675541,28294361681875,6334,8000,2042,93583,103625
4,measured,26,30314,28294365363625,28294365415583,28294365422041,6458,7709,1875,89708,99292
4,measured,27,30314,28294369033333,28294369083166,28294369089666,6500,5792,1792,89125,96709
4,measured,28,30314,28294372606208,28294372658666,28294372665000,6334,7459,2375,84750,94584
4,measured,29,30314,28294376137916,28294376179541,28294376187666,8125,7334,2791,81584,91709
4,measured,30,30314,28294379682083,28294379733916,28294379740375,6459,6958,2542,88167,97667
4,measured,31,30314,28294383514541,28294383559666,28294383566083,6417,12000,2958,85959,100917
4,measured,32,30314,28294387104250,28294387155375,28294387161708,6333,7375,2083,87709,97167
4,measured,33,30314,28294391000708,28294391056125,28294391062250,6125,8375,3917,102125,114417
4,measured,34,30314,28294394780625,28294394833958,28294394840625,6667,6708,2500,87333,96541
4,measured,35,30314,28294398687875,28294398741625,28294398752875,11250,9166,3084,95041,107291
4,measured,36,30314,28294402341500,28294402397958,28294402404333,6375,9375,2917,92250,104542
4,measured,37,30314,28294405799250,28294405850208,28294405856333,6125,5833,1959,89958,97750
4,measured,38,30314,28294409605416,28294409658875,28294409665375,6500,7250,2459,92125,101834
4,measured,39,30314,28294413451125,28294413500500,28294413507041,6541,6083,1875,85000,92958
4,measured,40,30314,28294417017791,28294417061458,28294417071583,10125,7292,2625,91875,101792
4,measured,41,30314,28294420531250,28294420583208,28294420589416,6208,6833,2125,92209,101167
4,measured,42,30314,28294424413250,28294424468541,28294424475250,6709,7167,2500,94542,104209
4,measured,43,30314,28294428036208,28294428088250,28294428094791,6541,6208,2208,86334,94750
4,measured,44,30314,28294431833833,28294431886625,28294431893000,6375,7542,2333,89459,99334
4,measured,45,30314,28294435527416,28294435580125,28294435586416,6291,7417,2250,91042,100709
4,measured,46,30314,28294438960166,28294439011541,28294439017958,6417,6875,2167,87208,96250
4,measured,47,30314,28294442714291,28294442762208,28294442768833,6625,8875,2292,90042,101209
4,measured,48,30314,28294446631125,28294446688833,28294446694958,6125,7500,7334,85041,99875
4,measured,49,30314,28294450258750,28294450314375,28294450320625,6250,7542,2583,93042,103167
4,measured,50,30314,28294453870750,28294453920708,28294453927166,6458,6042,1875,90666,98583
4,measured,51,30314,28294457599958,28294457650166,28294457656750,6584,6334,1875,93041,101250
4,measured,52,30314,28294461226583,28294461274625,28294461281083,6458,6292,1917,83625,91834
4,measured,53,30314,28294464909416,28294464960875,28294464967208,6333,6708,2042,97333,106083
4,measured,54,30314,28294468698250,28294468753375,28294468759833,6458,7459,3166,93417,104042
4,measured,55,30314,28294472470416,28294472529458,28294472536541,7083,10667,1833,105792,118292
4,measured,56,30314,28294476077791,28294476133875,28294476140625,6750,6916,2084,95916,104916
4,measured,57,30314,28294479749666,28294479804250,28294479810541,6291,7250,2500,93708,103458
4,measured,58,30314,28294483479500,28294483529458,28294483539083,9625,6209,1958,92208,100375
4,measured,59,30314,28294487162291,28294487216500,28294487223000,6500,8209,1833,96542,106584
4,measured,60,30314,28294491029750,28294491094500,28294491104250,9750,7000,1958,123375,132333
4,measured,61,30314,28294494797750,28294494848375,28294494854791,6416,6458,1834,90416,98708
4,measured,62,30314,28294498509791,28294498559166,28294498565791,6625,6167,2166,84209,92542
4,measured,63,30314,28294502211041,28294502263333,28294502269833,6500,7292,2208,86792,96292
4,measured,64,30314,28294506037916,28294506091541,28294506097916,6375,6750,1958,95167,103875
4,measured,65,30314,28294509613833,28294509666583,28294509673541,6958,7042,2167,103416,112625
4,measured,66,30314,28294513221125,28294513271125,28294513277625,6500,6125,1791,89917,97833
4,measured,67,30314,28294516942958,28294516985708,28294516994916,9208,7084,2375,87416,96875
4,measured,68,30314,28294520556833,28294520608125,28294520614541,6416,6584,1875,90708,99167
4,measured,69,30314,28294524284500,28294524341541,28294524347708,6167,7416,2625,95917,105958
4,measured,70,30314,28294527970208,28294528018041,28294528024750,6709,6250,1917,88583,96750
4,measured,71,30314,28294531624458,28294531675666,28294531682291,6625,6916,2334,91875,101125
4,measured,72,30314,28294535288458,28294535340500,28294535346833,6333,7084,3125,85875,96084
4,measured,73,30314,28294538859250,28294538910791,28294538917125,6334,8042,2250,81125,91417
4,measured,74,30314,28294542508083,28294542566291,28294542572791,6500,6834,2208,93292,102334
4,measured,75,30314,28294546487166,28294546538750,28294546545375,6625,5792,1792,88625,96209
4,measured,76,30314,28294550001875,28294550052958,28294550064625,11667,8250,2583,123209,134042
4,measured,77,30314,28294553620708,28294553676416,28294553682708,6292,7959,2666,90375,101000
4,measured,78,30314,28294557293291,28294557346833,28294557353333,6500,7875,2584,92708,103167
4,measured,79,30314,28294560938333,28294560987291,28294560993750,6459,6000,2042,85458,93500
4,measured,80,30314,28294564312250,28294564363708,28294564369916,6208,6084,1791,87709,95584
4,measured,81,30314,28294568049083,28294568101625,28294568108083,6458,7417,2208,88959,98584
4,measured,82,30314,28294571829375,28294571882500,28294571889041,6541,7750,2208,98584,108542
4,measured,83,30314,28294575311625,28294575358541,28294575364916,6375,7625,2250,88166,98041
