warmup_kind,K,sleep_s,probe_idx_within_burst,wall_clock_ns,gpu_t_start_raw,gpu_t_end_raw,gpu_delta_raw,cpu_encode_ns,cpu_commit_ns,cpu_wait_ns,cpu_total_ns
same,0,0.0,0,132224842701166,132224844589250,132224844597125,7875,674416,50084,1307333,2031833
same,0,0.0,1,132224844905125,132224845154708,132224845160041,5333,29208,8584,321166,358958
same,0,0.0,2,132224845294500,132224845411250,132224845417208,5958,13542,4125,212917,230584
same,0,0.0,3,132224845543541,132224845651958,132224845657916,5958,12083,3958,187042,203083
same,0,0.0,4,132224845761500,132224845864750,132224845870750,6000,9375,3333,190959,203667
same,0,0.0,5,132224845979208,132224846082333,132224846088250,5917,8708,3167,195958,207833
same,0,0.0,6,132224846200541,132224846301625,132224846307541,5916,8458,3042,194458,205958
same,0,0.0,7,132224846419625,132224846521125,132224846527041,5916,8417,3083,192750,204250
same,0,0.0,8,132224846639875,132224846741791,132224846747541,5750,8542,3250,194250,206042
same,0,0.0,9,132224846861208,132224846958583,132224846964500,5917,8375,3416,189209,201000
same,1,0.0,0,132225856929916,132225858315916,132225858327458,11542,47917,16541,1482417,1546875
same,1,0.0,1,132225858515875,132225858614041,132225858622083,8042,12083,4917,205125,222125
same,1,0.0,2,132225858753666,132225858843291,132225858851416,8125,8917,3791,189709,202417
same,1,0.0,3,132225858969666,132225859068583,132225859076791,8208,8583,3417,205292,217292
same,1,0.0,4,132225859200375,132225859286250,132225859294375,8125,8334,3583,196417,208334
same,1,0.0,5,132225859421500,132225859509875,132225859518000,8125,8292,3541,191417,203250
same,1,0.0,6,132225859637166,132225859724166,132225859732250,8084,8250,3041,193875,205166
same,1,0.0,7,132225859856125,132225859943208,132225859951333,8125,8583,3375,193542,205500
same,1,0.0,8,132225860083791,132225860170791,132225860178916,8125,8792,3416,184125,196333
same,1,0.0,9,132225860292666,132225860383750,132225860391875,8125,8042,3583,189459,201084
same,5,0.0,0,132226884322000,132226886244208,132226886262333,18125,260416,65709,1866916,2193041
same,5,0.0,1,132226886720250,132226887022666,132226887032666,10000,57417,21583,387750,466750
same,5,0.0,2,132226887300958,132226887614000,132226887624125,10125,81709,22166,364709,468584
same,5,0.0,3,132226888008458,132226888336375,132226888345291,8916,78500,21000,529167,628667
same,5,0.0,4,132226888704083,132226889115125,132226889124333,9208,155833,18750,367459,542042
same,5,0.0,5,132226889291125,132226889458250,132226889467166,8916,29333,11209,236333,276875
same,5,0.0,6,132226889617375,132226889889166,132226889899208,10042,34292,12250,291125,337667
same,5,0.0,7,132226890051375,132226890204583,132226890213958,9375,28208,10250,231292,269750
same,5,0.0,8,132226890360416,132226890540125,132226890549791,9666,27125,10333,337959,375417
same,5,0.0,9,132226890859208,132226891203500,132226891213666,10166,76125,22750,401500,500375
same,20,0.0,0,132227974802916,132227975312833,132227975326291,13458,102750,25667,616375,744792
same,20,0.0,1,132227975640750,132227975802500,132227975811666,9166,29708,13625,226209,269542
same,20,0.0,2,132227975959541,132227976089500,132227976097916,8416,13583,17875,244125,275583
same,20,0.0,3,132227976252833,132227976410625,132227976420083,9458,11041,4167,282083,297291
same,20,0.0,4,132227976574166,132227976698166,132227976707083,8917,15125,5709,214041,234875
same,20,0.0,5,132227976823666,132227976936625,132227976945625,9000,9334,3375,213416,226125
same,20,0.0,6,132227977063375,132227977178583,132227977187541,8958,8959,6041,216000,231000
same,20,0.0,7,132227977312708,132227977486916,132227977496875,9959,10875,5375,295500,311750
same,20,0.0,8,132227977638916,132227977767916,132227977777000,9084,9583,3625,259000,272208
same,20,0.0,9,132227977948916,132227978099791,132227978108791,9000,23833,8375,284042,316250
same,0,0.001,0,132229247032125,132229249247000,132229249268458,21458,307750,60334,2102083,2470167
same,0,0.001,1,132229249711458,132229249997208,132229250007208,10000,57167,20958,366083,444208
same,0,0.001,2,132229250268083,132229250567291,132229250577166,9875,69292,22125,329666,421083
same,0,0.001,3,132229250830041,132229251030541,132229251040166,9625,25750,9333,280667,315750
same,0,0.001,4,132229251184583,132229251334458,132229251343750,9292,22750,11083,227250,261083
same,0,0.001,5,132229251479166,132229251687166,132229251696791,9625,22625,8333,297334,328292
same,0,0.001,6,132229251910208,132229252164125,132229252173958,9833,46417,17625,390750,454792
same,0,0.001,7,132229252438041,132229252671375,132229252681375,10000,47125,20750,316708,384583
same,0,0.001,8,132229252906750,132229253179500,132229253189416,9916,54667,19791,343375,417833
same,0,0.001,9,132229253407958,132229253692541,132229253702541,10000,58542,21125,329667,409334
same,1,0.001,0,132230329396375,132230331601583,132230331616375,14792,251708,81959,2129416,2463083
same,1,0.001,1,132230332043791,132230332356541,132230332366083,9542,69833,23625,380417,473875
same,1,0.001,2,132230332608041,132230332847458,132230332857166,9708,54542,22166,319334,396042
same,1,0.001,3,132230333091833,132230333381208,132230333391125,9917,52958,20500,376333,449791
same,1,0.001,4,132230333619833,132230333839333,132230333851916,12583,48833,18833,309792,377458
same,1,0.001,5,132230334072375,132230334299916,132230334309583,9667,48625,18334,313916,380875
same,1,0.001,6,132230334523000,132230334738250,132230334748166,9916,45625,18250,307500,371375
same,1,0.001,7,132230334961375,132230335130750,132230335139458,8708,40334,10416,233042,283792
same,1,0.001,8,132230335286291,132230335470916,132230335480125,9209,27208,10833,249625,287666
same,1,0.001,9,132230335612375,132230335748416,132230335757083,8667,24667,9833,192542,227042
same,5,0.001,0,132231429595583,132231431843750,132231431863875,20125,260625,78167,2187208,2526000
same,5,0.001,1,132231432332250,132231432615583,132231432625500,9917,62916,22959,355666,441541
same,5,0.001,2,132231432864166,132231433112500,132231433122500,10000,54750,21708,308667,385125
same,5,0.001,3,132231433367625,132231433601250,132231433611000,9750,50167,18833,312875,381875
same,5,0.001,4,132231433819875,132231434075791,132231434085750,9959,46084,19000,345625,410709
same,5,0.001,5,132231434312416,132231434568666,132231434578458,9792,51750,19458,333417,404625
same,5,0.001,6,132231434789875,132231435015750,132231435025500,9750,47292,19750,306208,373250
same,5,0.001,7,132231435230041,132231435438416,132231435448041,9625,44792,21208,290875,356875
same,5,0.001,8,132231435653083,132231435849625,132231435861333,11708,44667,17583,291542,353792
same,5,0.001,9,132231436073583,132231436439833,132231436449583,9750,46792,33667,409958,490417
same,20,0.001,0,132232582405125,132232584475958,132232584497625,21667,268167,74875,1986125,2329167
same,20,0.001,1,132232584914458,132232585219666,132232585229625,9959,56333,23542,384958,464833
same,20,0.001,2,132232585479250,132232585829291,132232585839208,9917,61667,21875,439375,522917
same,20,0.001,3,132232586141500,132232586451875,132232586461791,9916,52458,18375,386584,457417
same,20,0.001,4,132232586684041,132232586940125,132232586950083,9958,51792,19833,347750,419375
same,20,0.001,5,132232587178625,132232587459958,132232587469958,10000,49667,17916,367709,435292
same,20,0.001,6,132232587691708,132232587940833,132232587950333,9500,50000,19834,388333,458167
same,20,0.001,7,132232588256791,132232588527666,132232588537416,9750,51959,18833,487500,558292
same,20,0.001,8,132232588896166,132232589194208,132232589203958,9750,55000,22208,338167,415375
same,20,0.001,9,132232589358791,132232589524708,132232589533166,8458,31333,12750,222584,266667
same,0,0.01,0,132233903375500,132233906055166,132233906070083,14917,253917,100458,2821125,3175500
same,0,0.01,1,132233906823875,132233907269000,132233907278791,9791,100000,38625,459250,597875
same,0,0.01,2,132233907512666,132233907798625,132233907808125,9500,55000,21708,354375,431083
same,0,0.01,3,132233908078916,132233908453333,132233908462291,8958,60250,22375,429833,512458
same,0,0.01,4,132233908654375,132233908893708,132233908903208,9500,41875,19709,314500,376084
same,0,0.01,5,132233909091291,132233909310166,132233909319916,9750,40208,17000,299917,357125
same,0,0.01,6,132233909640958,132233909889666,132233909899458,9792,41958,21708,304875,368541
same,0,0.01,7,132233910068625,132233910250333,132233910258791,8458,37875,16333,231167,285375
same,0,0.01,8,132233910394250,132233910575208,132233910584958,9750,27584,10291,241625,279500
same,0,0.01,9,132233910710291,132233910854500,132233910862916,8416,24292,10208,196292,230792
same,1,0.01,0,132235435930250,132235439943958,132235439960250,16292,271167,74666,4269709,4615542
same,1,0.01,1,132235440823666,132235441453625,132235441462791,9166,143375,36041,588667,768083
same,1,0.01,2,132235441648083,132235441866166,132235441875708,9542,32125,12125,290459,334709
same,1,0.01,3,132235442056666,132235442216666,132235442225541,8875,27417,10083,275333,312833
same,1,0.01,4,132235442412083,132235442596000,132235442605166,9166,25958,9583,356292,391833
same,1,0.01,5,132235442846791,132235443077083,132235443086833,9750,28792,10625,456500,495917
same,1,0.01,6,132235443491000,132235443820750,132235443830583,9833,83208,25417,394167,502792
same,1,0.01,7,132235444044333,132235444209458,132235444218166,8708,29208,11375,262709,303292
same,1,0.01,8,132235444388333,132235444601166,132235444610625,9459,54875,10125,292625,357625
same,1,0.01,9,132235444786000,132235444929833,132235444938375,8542,23375,9167,276083,308625
same,5,0.01,0,132236982462000,132236983384041,132236983405125,21084,218000,58958,842667,1119625
same,5,0.01,1,132236983726166,132236983934708,132236983944208,9500,31791,10709,337166,379666
same,5,0.01,2,132236984153625,132236984307916,132236984316625,8709,27792,10791,226459,265042
same,5,0.01,3,132236984458625,132236984646458,132236984655916,9458,25625,10292,256333,292250
same,5,0.01,4,132236984788708,132236984936291,132236984945000,8709,25500,8791,208750,243041
same,5,0.01,5,132236985067083,132236985219541,132236985227958,8417,24542,8625,232916,266083
same,5,0.01,6,132236985507250,132236985760083,132236985769541,9458,87166,10750,4894292,4992208
same,5,0.01,7,132236990645000,132236991237791,132236991250875,13084,83834,27458,704417,815709
same,5,0.01,8,132236991564000,132236991804291,132236991814083,9792,55750,15708,302125,373583
same,5,0.01,9,132236991985916,132236992168125,132236992177625,9500,27958,11708,280959,320625
same,20,0.01,0,132238591404041,132238592369000,132238592386833,17833,278375,74750,863375,1216500
same,20,0.01,1,132238592898000,132238593227875,132238593237625,9750,89417,22292,395875,507584
same,20,0.01,2,132238593487791,132238593777958,132238593787708,9750,59250,23292,382458,465000
same,20,0.01,3,132238594042083,132238594817291,132238594826250,8959,55416,22459,975750,1053625
same,20,0.01,4,132238595152208,132238595431750,132238595441500,9750,93917,14750,303708,412375
same,20,0.01,5,132238595613375,132238595809750,132238595819208,9458,31167,11875,349000,392042
same,20,0.01,6,132238597141583,132238597463916,132238597473416,9500,65000,21000,433917,519917
same,20,0.01,7,132238597787708,132238598036958,132238598046625,9667,62584,17750,318416,398750
same,20,0.01,8,132238598237750,132238598399625,132238598408041,8416,26625,12584,300125,339334
same,20,0.01,9,132238598620583,132238598813166,132238598822875,9709,26166,10709,319958,356833
same,0,0.1,0,132240413928500,132240416377125,132240416393250,16125,263584,102166,2396084,2761834
same,0,0.1,1,132240416902416,132240417225500,132240417235291,9791,82791,28834,384666,496291
same,0,0.1,2,132240417494208,132240417780833,132240417790583,9750,57375,25041,342250,424666
same,0,0.1,3,132240418003416,132240418245625,132240418255333,9708,53875,23000,296000,372875
same,0,0.1,4,132240418449416,132240418675916,132240418685416,9500,49416,20209,290666,360291
same,0,0.1,5,132240418882833,132240419089000,132240419098750,9750,49292,19416,292667,361375
same,0,0.1,6,132240419324958,132240419576291,132240419586041,9750,54875,21583,451875,528333
same,0,0.1,7,132240419899958,132240420113083,132240420122791,9708,29666,12334,283250,325250
same,0,0.1,8,132240420272333,132240420438291,132240420446833,8542,30833,14458,247084,292375
same,0,0.1,9,132240420611875,132240420804125,132240420813875,9750,30084,12875,256208,299167
same,1,0.1,0,132245559192416,132245562748791,132245562764000,15209,262917,83541,3466167,3812625
same,1,0.1,1,132245563289291,132245563605750,132245563615708,9958,72750,24583,379667,477000
same,1,0.1,2,132245563860208,132245564143333,132245564153250,9917,54875,21333,356833,433041
same,1,0.1,3,132245564368500,132245564626875,132245564636208,9333,50209,19833,332500,402542
same,1,0.1,4,132245564842083,132245565086500,132245565096333,9833,48625,18584,294125,361334
same,1,0.1,5,132245565244333,132245565389125,132245565400375,11250,27916,10834,218458,257208
same,1,0.1,6,132245565551791,132245565837000,132245565847041,10041,105458,11542,288666,405666
same,1,0.1,7,132245566014875,132245566188291,132245566198250,9959,26625,11000,255791,293416
same,1,0.1,8,132245566351375,132245566509333,132245566518333,9000,29167,11208,225000,265375
same,1,0.1,9,132245566655083,132245566812875,132245566821833,8958,26917,10542,312791,350250
same,5,0.1,0,132250721880250,132250724088375,132250724108750,20375,279292,72875,2117958,2470125
same,5,0.1,1,132250724637166,132250724946375,132250724956333,9958,66125,23667,384458,474250
same,5,0.1,2,132250725202791,132250725488083,132250725497958,9875,55959,22083,372792,450834
same,5,0.1,3,132250725739041,132250726024541,132250726034250,9709,55625,20750,538917,615292
same,5,0.1,4,132250726433166,132250726715583,132250726725375,9792,53208,21709,429375,504292
same,5,0.1,5,132250727022333,132250727291958,132250727301708,9750,55208,20625,372250,448083
same,5,0.1,6,132250727556500,132250728032916,132250728042083,9167,55209,20583,518250,594042
same,5,0.1,7,132250728211375,132250728414666,132250728424666,10000,36291,13125,274250,323666
same,5,0.1,8,132250728579791,132250728757208,132250728767041,9833,28166,10250,275084,313500
same,5,0.1,9,132250728937833,132250729101250,132250729110000,8750,30208,11375,393709,435292
same,20,0.1,0,132255954867541,132255955494625,132255955511291,16666,102333,24542,730125,857000
same,20,0.1,1,132255955812833,132255956041333,132255956051250,9917,31458,12917,344375,388750
same,20,0.1,2,132255956248375,132255956425000,132255956435041,10041,25125,9083,305500,339708
same,20,0.1,3,132255956646958,132255956811958,132255956822041,10083,20208,11083,295625,326916
same,20,0.1,4,132255957008666,132255957165916,132255957174791,8875,19458,11083,261375,291916
same,20,0.1,5,132255957332333,132255957479916,132255957489583,9667,19459,7833,285042,312334
same,20,0.1,6,132255957677208,132255957872916,132255957882416,9500,18834,11166,313834,343834
same,20,0.1,7,132255958051916,132255958234000,132255958244041,10041,19333,9667,308000,337000
same,20,0.1,8,132255958420416,132255958571333,132255958580166,8833,18541,10000,285625,314166
same,20,0.1,9,132255958765875,132255958968750,132255958978833,10083,19500,10291,328959,358750
same,0,1.0,0,132261409468250,132261411801375,132261411822375,21000,287750,65625,2336667,2690042
same,0,1.0,1,132261412384708,132261412662416,132261412669416,7000,57958,23667,358500,440125
same,0,1.0,2,132261412925208,132261413206166,132261413212875,6709,61208,21750,344167,427125
same,0,1.0,3,132261413432541,132261413687875,132261413694583,6708,52583,19875,333250,405708
same,0,1.0,4,132261413913208,132261414161583,132261414168333,6750,47750,18625,330708,397083
same,0,1.0,5,132261414383583,132261414643791,132261414650708,6917,46708,18042,345500,410250
same,0,1.0,6,132261414864875,132261415139791,132261415146833,7042,95125,18333,323500,436958
same,0,1.0,7,132261415372791,132261415596458,132261415603500,7042,46125,18917,305666,370708
same,0,1.0,8,132261415815500,132261416045166,132261416052208,7042,47250,20417,308583,376250
same,0,1.0,9,132261416263125,132261416485208,132261416492166,6958,46709,18458,387708,452875
same,1,1.0,0,132301655279458,132301656557708,132301656573208,15500,272000,66209,1192458,1530667
same,1,1.0,1,132301656996416,132301657305916,132301657314916,9000,66250,25708,370417,462375
same,1,1.0,2,132301657563291,132301657852625,132301657861291,8666,61750,22292,352875,436917
same,1,1.0,3,132301658140458,132301658412458,132301658421416,8958,54375,20167,344833,419375
same,1,1.0,4,132301658646625,132301658908041,132301658916958,8917,54792,20500,329541,404833
same,1,1.0,5,132301659130916,132301659393375,132301659402291,8916,48792,18417,346291,413500
same,1,1.0,6,132301659618791,132301659863916,132301659872791,8875,47166,18209,333250,398625
same,1,1.0,7,132301660087375,132301660356500,132301660364333,7833,46792,19000,358708,424500
same,1,1.0,8,132301660581041,132301660825166,132301660832750,7584,46416,18250,325334,390000
same,1,1.0,9,132301661041000,132301661282458,132301661290291,7833,46708,18209,322833,387750
same,5,1.0,0,132341973718916,132341975872791,132341975890333,17542,278917,83625,2200083,2562625
same,5,1.0,1,132341976486625,132341976778083,132341976788083,10000,55625,20791,372917,449333
same,5,1.0,2,132341977014000,132341977273916,132341977283750,9834,49000,18667,348416,416083
same,5,1.0,3,132341977586416,132341977861541,132341977871291,9750,71792,19042,325625,416459
same,5,1.0,4,132341978075833,132341978299958,132341978309916,9958,48166,18292,304500,370958
same,5,1.0,5,132341978518833,132341978736541,132341978746541,10000,45708,17417,293750,356875
same,5,1.0,6,132341978944250,132341979142041,132341979150583,8542,46125,17125,297167,360417
same,5,1.0,7,132341979373125,132341979607083,132341979617166,10083,46500,18708,317584,382792
same,5,1.0,8,132341979834250,132341980061833,132341980071458,9625,46792,18250,335125,400167
same,5,1.0,9,132341980336166,132341980629500,132341980639375,9875,63125,22958,359708,445791
same,20,1.0,0,132382334640625,132382336724000,132382336741166,17166,269125,132042,1917917,2319084
same,20,1.0,1,132382337142333,132382337446791,132382337456750,9959,57583,22500,385375,465458
same,20,1.0,2,132382337711541,132382338001500,132382338011416,9916,63875,21541,354250,439666
same,20,1.0,3,132382338234583,132382338471958,132382338481791,9833,51458,19208,370459,441125
same,20,1.0,4,132382338782875,132382339096125,132382339105625,9500,79291,20834,391041,491166
same,20,1.0,5,132382339578458,132382339891333,132382339901291,9958,58917,21500,389333,469750
same,20,1.0,6,132382340125583,132382340363041,132382340372833,9792,48208,18167,321125,387500
same,20,1.0,7,132382340593333,132382340865416,132382340875333,9917,53042,20625,351291,424958
same,20,1.0,8,132382341108291,132382341364375,132382341374375,10000,49667,18500,339666,407833
same,20,1.0,9,132382341588833,132382341843250,132382341853208,9958,47416,17959,338291,403666
heavy_write,0,0.0,0,132422936670625,132422938991833,132422939007500,15667,266625,75292,2290000,2631917
heavy_write,0,0.0,1,132422939766541,132422940175750,132422940185708,9958,95959,31958,455083,583000
heavy_write,0,0.0,2,132422940436375,132422940733000,132422940742916,9916,58250,25125,365791,449166
heavy_write,0,0.0,3,132422940976291,132422941231708,132422941241416,9708,53459,20375,333666,407500
heavy_write,0,0.0,4,132422941460583,132422941713583,132422941723625,10042,49667,18292,334916,402875
heavy_write,0,0.0,5,132422941937125,132422942192208,132422942201875,9667,47708,17792,336708,402208
heavy_write,0,0.0,6,132422942412416,132422942670291,132422942679916,9625,46666,19959,402625,469250
heavy_write,0,0.0,7,132422942992208,132422943267958,132422943277833,9875,52959,19708,350375,423042
heavy_write,0,0.0,8,132422943507500,132422943771708,132422943781666,9958,48375,18583,347958,414916
heavy_write,0,0.0,9,132422943992541,132422944244708,132422944254625,9917,46625,20833,335000,402458
heavy_write,1,0.0,0,132423966110041,132423968418958,132423968440625,21667,280708,85417,2233875,2600000
heavy_write,1,0.0,1,132423968908666,132423969227166,132423969237000,9834,61417,23166,390834,475417
heavy_write,1,0.0,2,132423969466750,132423969722041,132423969731875,9834,52875,20875,331542,405292
heavy_write,1,0.0,3,132423969946625,132423970155708,132423970164625,8917,48542,19042,304250,371834
heavy_write,1,0.0,4,132423970391250,132423970633750,132423970643666,9916,47959,18458,324167,390584
heavy_write,1,0.0,5,132423970921916,132423971167250,132423971177166,9916,47583,18209,326583,392375
heavy_write,1,0.0,6,132423971385625,132423971640625,132423971650625,10000,46958,18333,335625,400916
heavy_write,1,0.0,7,132423971857125,132423972138541,132423972148291,9750,45875,18291,489042,553208
heavy_write,1,0.0,8,132423972562916,132423973051875,132423973061083,9208,69125,26541,575625,671291
heavy_write,1,0.0,9,132423973318750,132423973561541,132423973571416,9875,51542,21375,322333,395250
heavy_write,5,0.0,0,132425006290791,132425008485666,132425008502666,17000,201750,67958,2184459,2454167
heavy_write,5,0.0,1,132425008975166,132425009332958,132425009343000,10042,83958,28583,405542,518083
heavy_write,5,0.0,2,132425009586291,132425009880000,132425009890041,10041,57875,23125,365167,446167
heavy_write,5,0.0,3,132425010160666,132425010419083,132425010429166,10083,50625,19167,334292,404084
heavy_write,5,0.0,4,132425010643041,132425010894166,132425010904208,10042,46125,18167,340250,404542
heavy_write,5,0.0,5,132425011156125,132425011421750,132425011431791,10041,46125,18708,351250,416083
heavy_write,5,0.0,6,132425011643000,132425011899041,132425011909166,10125,46875,20667,340500,408042
heavy_write,5,0.0,7,132425012120500,132425012356500,132425012366250,9750,45042,17542,323250,385834
heavy_write,5,0.0,8,132425012609958,132425012891708,132425012901541,9833,56083,22083,364209,442375
heavy_write,5,0.0,9,132425013124708,132425013377833,132425013387750,9917,46709,18583,339417,404709
heavy_write,20,0.0,0,132426104109000,132426104535333,132426104550375,15042,115208,26375,495875,637458
heavy_write,20,0.0,1,132426104837375,132426105083083,132426105092333,9250,28291,10959,389541,428791
heavy_write,20,0.0,2,132426105310541,132426105468458,132426105477625,9167,24958,11125,293583,329666
heavy_write,20,0.0,3,132426105678541,132426105888416,132426105897875,9459,24584,11000,321041,356625
heavy_write,20,0.0,4,132426106101791,132426106345500,132426106354958,9458,72375,14583,312167,399125
heavy_write,20,0.0,5,132426106567125,132426106804833,132426106814708,9875,39333,14834,331666,385833
heavy_write,20,0.0,6,132426106997041,132426107190208,132426107199916,9708,28458,10667,303750,342875
heavy_write,20,0.0,7,132426107408583,132426107560083,132426107568791,8708,25667,10291,271209,307167
heavy_write,20,0.0,8,132426107752500,132426107944000,132426107953500,9500,24375,10084,299291,333750
heavy_write,20,0.0,9,132426108116041,132426108273000,132426108282375,9375,19625,7084,280083,306792
heavy_write,0,0.001,0,132427355355250,132427358135333,132427358156500,21167,363541,63667,2618375,3045583
heavy_write,0,0.001,1,132427358614250,132427358928875,132427358938625,9750,71708,26292,362208,460208
heavy_write,0,0.001,2,132427359171333,132427359462083,132427359471625,9542,62208,21542,356583,440333
heavy_write,0,0.001,3,132427359751500,132427360013541,132427360023208,9667,52917,19666,339792,412375
heavy_write,0,0.001,4,132427360237708,132427360474708,132427360484666,9958,48584,18791,319750,387125
heavy_write,0,0.001,5,132427360697208,132427360953500,132427360963416,9916,48625,18875,342042,409542
heavy_write,0,0.001,6,132427361175666,132427361430125,132427361440125,10000,46250,17833,335917,400000
heavy_write,0,0.001,7,132427361645500,132427361892875,132427361902791,9916,45958,17917,354666,418541
heavy_write,0,0.001,8,132427362266166,132427362541041,132427362550833,9792,51875,19834,459500,531209
heavy_write,0,0.001,9,132427362866208,132427363108750,132427363118583,9833,45416,17667,335750,398833
heavy_write,1,0.001,0,132428439132541,132428441702500,132428441717166,14666,387709,91333,2338208,2817250
heavy_write,1,0.001,1,132428442156541,132428442459291,132428442469291,10000,61000,21625,382792,465417
heavy_write,1,0.001,2,132428442716875,132428443010583,132428443020625,10042,60250,22208,389250,471708
heavy_write,1,0.001,3,132428443271250,132428443525625,132428443535416,9791,52292,20167,329541,402000
heavy_write,1,0.001,4,132428443753500,132428444019250,132428444029291,10041,50458,19750,345042,415250
heavy_write,1,0.001,5,132428444242375,132428444504541,132428444514625,10084,47875,20875,344875,413625
heavy_write,1,0.001,6,132428444728541,132428444969583,132428444979541,9958,46291,17875,327167,391333
heavy_write,1,0.001,7,132428445256875,132428445513125,132428445523208,10083,47875,17500,311375,376750
heavy_write,1,0.001,8,132428445674041,132428445824958,132428445834000,9042,26166,9459,222541,258166
heavy_write,1,0.001,9,132428445969708,132428446105875,132428446114666,8791,21417,8333,215625,245375
heavy_write,5,0.001,0,132429535324458,132429537625000,132429537646750,21750,273666,78959,2256166,2608791
heavy_write,5,0.001,1,132429538137291,132429538417833,132429538427875,10042,62167,22833,352500,437500
heavy_write,5,0.001,2,132429538668416,132429539104666,132429539113833,9167,88417,21958,504834,615209
heavy_write,5,0.001,3,132429539494458,132429539994291,132429540003250,8959,68333,170917,416958,656208
heavy_write,5,0.001,4,132429540248416,132429540580708,132429540590541,9833,107459,24875,347833,480167
heavy_write,5,0.001,5,132429540805458,132429541056125,132429541065875,9750,51959,19875,316958,388792
heavy_write,5,0.001,6,132429541268291,132429541523375,132429541533333,9958,50208,18875,337334,406417
heavy_write,5,0.001,7,132429541766083,132429542006625,132429542016458,9833,48833,19625,322042,390500
heavy_write,5,0.001,8,132429542228875,132429542507500,132429542517458,9958,47792,19708,363417,430917
heavy_write,5,0.001,9,132429542732708,132429542974000,132429542983583,9583,50958,22583,337459,411000
heavy_write,20,0.001,0,132430680080458,132430681989791,132430682005125,15334,238542,56333,1870042,2164917
heavy_write,20,0.001,1,132430682442458,132430682739916,132430682749791,9875,60250,22000,376666,458916
heavy_write,20,0.001,2,132430683001708,132430683283166,132430683293125,9959,62167,21083,353750,437000
heavy_write,20,0.001,3,132430683585000,132430683838625,132430683848166,9541,52959,19000,331583,403542
heavy_write,20,0.001,4,132430684064083,132430684322541,132430684332208,9667,47250,18250,344000,409500
heavy_write,20,0.001,5,132430684546583,132430684779125,132430684789000,9875,46916,17917,316917,381750
heavy_write,20,0.001,6,132430684998708,132430685228791,132430685238625,9834,45667,17833,334542,398042
heavy_write,20,0.001,7,132430685469375,132430685706208,132430685716041,9833,47125,18459,319541,385125
heavy_write,20,0.001,8,132430685955791,132430686208708,132430686218041,9333,65584,18375,316666,400625
heavy_write,20,0.001,9,132430686463500,132430686709875,132430686719750,9875,47792,18083,328542,394417
heavy_write,0,0.01,0,132432024488500,132432026774625,132432026795208,20583,292875,101292,2131583,2525750
heavy_write,0,0.01,1,132432027221458,132432027531041,132432027541083,10042,64750,22542,378583,465875
heavy_write,0,0.01,2,132432027784458,132432028061750,132432028071583,9833,59208,21208,359000,439416
heavy_write,0,0.01,3,132432028377125,132432028633750,132432028643500,9750,53667,19250,451375,524292
heavy_write,0,0.01,4,132432028988708,132432029274375,132432029284333,9958,53958,20375,464000,538333
heavy_write,0,0.01,5,132432029621333,132432029905916,132432029915875,9959,50125,18959,367625,436709
heavy_write,0,0.01,6,132432030131500,132432030379250,132432030389166,9916,47167,17833,330292,395292
heavy_write,0,0.01,7,132432030596000,132432030818958,132432030828625,9667,45709,17958,373542,437209
heavy_write,0,0.01,8,132432031114375,132432031390625,132432031400541,9916,52708,19167,350958,422833
heavy_write,0,0.01,9,132432031612125,132432031845666,132432031855500,9834,45958,18250,315542,379750
heavy_write,1,0.01,0,132433551579791,132433553685666,132433553707125,21459,245291,52209,2031708,2329208
heavy_write,1,0.01,1,132433554063375,132433554283791,132433554293708,9917,36250,13041,295292,344583
heavy_write,1,0.01,2,132433554540958,132433554750125,132433554760083,9958,31459,12208,287167,330834
heavy_write,1,0.01,3,132433554982416,132433555180500,132433555190291,9791,29000,10958,276625,316583
heavy_write,1,0.01,4,132433555368083,132433555608166,132433555617833,9667,27750,10667,336875,375292
heavy_write,1,0.01,5,132433555786750,132433556003625,132433556013416,9791,50584,11458,273333,335375
heavy_write,1,0.01,6,132433556171666,132433556346791,132433556355833,9042,31750,11667,255375,298792
heavy_write,1,0.01,7,132433556511041,132433556710916,132433556720500,9584,27750,10000,280917,318667
heavy_write,1,0.01,8,132433556877958,132433557042833,132433557051583,8750,31667,11750,259375,302792
heavy_write,1,0.01,9,132433557259708,132433557454791,132433557464916,10125,27250,8375,278041,313666
heavy_write,5,0.01,0,132435095086416,132435095832833,132435095849916,17083,97416,25625,942709,1065750
heavy_write,5,0.01,1,132435096237875,132435096474750,132435096481291,6541,29000,11459,351541,392000
heavy_write,5,0.01,2,132435096672666,132435096895541,132435096902125,6584,61125,10083,297500,368708
heavy_write,5,0.01,3,132435097080791,132435097270375,132435097277041,6666,24500,9084,312083,345667
heavy_write,5,0.01,4,132435097465541,132435097620166,132435097684625,64459,25084,9958,358500,393542
heavy_write,5,0.01,5,132435097943625,132435098115833,132435098122666,6833,38791,15167,255750,309708
heavy_write,5,0.01,6,132435098291250,132435098445458,132435098451250,5792,23791,13292,230208,267291
heavy_write,5,0.01,7,132435098595708,132435098749333,132435098754916,5583,23042,9125,266041,298208
heavy_write,5,0.01,8,132435098929541,132435099121333,132435099127875,6542,23208,9083,298167,330458
heavy_write,5,0.01,9,132435099306541,132435099461375,132435099468083,6708,23000,8958,270292,302250
heavy_write,20,0.01,0,132436718317708,132436720507875,132436720527916,20041,258625,68208,2097625,2424458
heavy_write,20,0.01,1,132436720942750,132436721249125,132436721258666,9541,62541,22917,384083,469541
heavy_write,20,0.01,2,132436721508708,132436721762875,132436721772833,9958,53250,20292,328583,402125
heavy_write,20,0.01,3,132436721997833,132436722344625,132436722354375,9750,80833,19750,407834,508417
heavy_write,20,0.01,4,132436722590833,132436722907958,132436722917666,9708,54833,23292,489208,567333
heavy_write,20,0.01,5,132436723241125,132436723535458,132436723545375,9917,53625,22584,368583,444792
heavy_write,20,0.01,6,132436723760375,132436723971875,132436723981083,9208,48334,18250,305000,371584
heavy_write,20,0.01,7,132436724224541,132436724503625,132436724513416,9791,96416,18750,275084,390250
heavy_write,20,0.01,8,132436724663333,132436724827875,132436724836958,9083,30959,10583,240792,282334
heavy_write,20,0.01,9,132436724992208,132436725196958,132436725207000,10042,29458,11000,281042,321500
heavy_write,0,0.1,0,132438567362375,132438567691250,132438567704125,12875,97042,26000,372417,495459
heavy_write,0,0.1,1,132438567958875,132438568173166,132438568182875,9709,37958,16084,315833,369875
heavy_write,0,0.1,2,132438568384583,132438568584000,132438568593750,9750,29250,11667,309000,349917
heavy_write,0,0.1,3,132438568775541,132438568933708,132438568942250,8542,25666,9417,265417,300500
heavy_write,0,0.1,4,132438569113041,132438569306958,132438569316458,9500,24958,8958,304209,338125
heavy_write,0,0.1,5,132438569488000,132438569615833,132438569624583,8750,23750,8417,235208,267375
heavy_write,0,0.1,6,132438569791083,132438569980291,132438569990041,9750,23084,9625,291166,323875
heavy_write,0,0.1,7,132438570172625,132438570301875,132438570310708,8833,19125,7750,236584,263459
heavy_write,0,0.1,8,132438570465833,132438570648458,132438570658208,9750,18625,7792,295333,321750
heavy_write,0,0.1,9,132438570816625,132438570942500,132438570951291,8791,18750,7458,218375,244583
heavy_write,1,0.1,0,132443708333791,132443710497083,132443710514833,17750,280667,80625,2054792,2416084
heavy_write,1,0.1,1,132443711170041,132443711715708,132443711725458,9750,285209,21666,410584,717459
heavy_write,1,0.1,2,132443712335916,132443712746625,132443712756250,9625,67500,24750,491250,583500
heavy_write,1,0.1,3,132443713009833,132443713284833,132443713294791,9958,54959,20916,348459,424334
heavy_write,1,0.1,4,132443713510416,132443713762500,132443713772458,9958,48708,18250,334334,401292
heavy_write,1,0.1,5,132443713983125,132443714258958,132443714268583,9625,46833,17958,361334,426125
heavy_write,1,0.1,6,132443714478250,132443714685625,132443714694250,8625,46500,18084,304208,368792
heavy_write,1,0.1,7,132443714916333,132443715147833,132443715157791,9958,46458,17792,317083,381333
heavy_write,1,0.1,8,132443715364166,132443715598625,132443715608583,9958,45500,17833,319333,382666
heavy_write,1,0.1,9,132443715813833,132443716181208,132443716191125,9917,44875,28167,463500,536542
heavy_write,5,0.1,0,132448880702375,132448883148208,132448883162875,14667,289000,75458,2363667,2728125
heavy_write,5,0.1,1,132448883666625,132448884010500,132448884020500,10000,89042,25250,409333,523625
heavy_write,5,0.1,2,132448884288333,132448884616041,132448884626000,9959,66083,41667,370666,478416
heavy_write,5,0.1,3,132448884850875,132448885120958,132448885131000,10042,52709,20166,351500,424375
heavy_write,5,0.1,4,132448885348250,132448885594333,132448885604208,9875,48000,18417,329042,395459
heavy_write,5,0.1,5,132448885815125,132448886079125,132448886088833,9708,46417,17875,358750,423042
heavy_write,5,0.1,6,132448886319416,132448886589875,132448886599791,9916,52625,20541,350875,424041
heavy_write,5,0.1,7,132448886816041,132448887075708,132448887085791,10083,46791,21209,332125,400125
heavy_write,5,0.1,8,132448887345333,132448887592500,132448887602458,9958,47875,17250,333584,398709
heavy_write,5,0.1,9,132448887815458,132448888065250,132448888075208,9958,45333,17125,344958,407416
heavy_write,20,0.1,0,132454121372166,132454122367625,132454122382875,15250,232791,51250,949584,1233625
heavy_write,20,0.1,1,132454122855708,132454123291625,132454123301500,9875,48208,15000,546583,609791
heavy_write,20,0.1,2,132454123556708,132454123847208,132454123857125,9917,55292,22666,365042,443000
heavy_write,20,0.1,3,132454124128291,132454124367125,132454124376666,9541,51750,19250,330542,401542
heavy_write,20,0.1,4,132454124618791,132454124892791,132454124902291,9500,53625,20583,345250,419458
heavy_write,20,0.1,5,132454125117083,132454125384625,132454125394291,9666,50667,18667,357916,427250
heavy_write,20,0.1,6,132454125619250,132454125826166,132454125834666,8500,48917,18375,265583,332875
heavy_write,20,0.1,7,132454125994500,132454126184708,132454126194458,9750,24000,11042,276917,311959
heavy_write,20,0.1,8,132454126344250,132454126479666,132454126488541,8875,24000,8584,222333,254917
heavy_write,20,0.1,9,132454126637958,132454126838875,132454126848375,9500,32291,9292,405625,447208
heavy_write,0,1.0,0,132459596202666,132459596869541,132459596884375,14834,104125,25208,735500,864833
heavy_write,0,1.0,1,132459597166166,132459597515541,132459597525083,9542,39583,20792,468958,529333
heavy_write,0,1.0,2,132459597747083,132459597966541,132459597976041,9500,28125,12625,338083,378833
heavy_write,0,1.0,3,132459598165791,132459598337000,132459598346500,9500,27625,11084,282500,321209
heavy_write,0,1.0,4,132459598575125,132459598806916,132459598816375,9459,40958,17000,335583,393541
heavy_write,0,1.0,5,132459599034083,132459599225166,132459599234250,9084,35542,15583,302125,353250
heavy_write,0,1.0,6,132459599433416,132459599635375,132459599644833,9458,26792,10708,325583,363083
heavy_write,0,1.0,7,132459599991541,132459600181708,132459600192041,10333,49208,19125,283750,352083
heavy_write,0,1.0,8,132459600392583,132459600544750,132459600553041,8291,30708,13917,262542,307167
heavy_write,0,1.0,9,132459600747041,132459600977041,132459600986500,9459,44291,10875,323125,378291
heavy_write,1,1.0,0,132499823598875,132499828110291,132499828130208,19917,2279708,89333,2393000,4762041
heavy_write,1,1.0,1,132499828523708,132499828819791,132499828829833,10042,76708,21917,357250,455875
heavy_write,1,1.0,2,132499829029708,132499829211083,132499829219625,8542,28542,12041,314125,354708
heavy_write,1,1.0,3,132499829425500,132499829748375,132499829757791,9416,24875,11375,444417,480667
heavy_write,1,1.0,4,132499829975416,132499830155291,132499830164833,9542,41583,14125,274417,330125
heavy_write,1,1.0,5,132499830352416,132499830529125,132499830537750,8625,28083,10208,272625,310916
heavy_write,1,1.0,6,132499830702541,132499830897916,132499830910291,12375,24583,9417,321833,355833
heavy_write,1,1.0,7,132499831096791,132499831236125,132499831245000,8875,25041,12000,246084,283125
heavy_write,1,1.0,8,132499831444583,132499831635625,132499831645333,9708,23917,9833,295542,329292
heavy_write,1,1.0,9,132499831810875,132499831950541,132499831959000,8459,23042,9208,254292,286542
heavy_write,5,1.0,0,132540104886833,132540105441125,132540105453000,11875,95958,31334,556750,684042
heavy_write,5,1.0,1,132540105651250,132540105811125,132540105819458,8333,33542,12208,227208,272958
heavy_write,5,1.0,2,132540106040208,132540106263958,132540106272375,8417,63459,11583,252000,327042
heavy_write,5,1.0,3,132540106406416,132540106652708,132540106661208,8500,25792,10000,289708,325500
heavy_write,5,1.0,4,132540106774500,132540106903250,132540106911583,8333,27250,10292,170125,207667
heavy_write,5,1.0,5,132540107016083,132540107138750,132540107147083,8333,23666,9667,172542,205875
heavy_write,5,1.0,6,132540107256375,132540107370916,132540107379250,8334,23334,8833,164083,196250
heavy_write,5,1.0,7,132540107483958,132540107601500,132540107609833,8333,22208,9000,175583,206791
heavy_write,5,1.0,8,132540107758166,132540107898000,132540107906333,8333,30125,11041,203834,245000
heavy_write,5,1.0,9,132540108041458,132540108179833,132540108188250,8417,24958,9708,187792,222458
heavy_write,20,1.0,0,132580420607125,132580421131208,132580421142708,11500,90167,30291,584667,705125
heavy_write,20,1.0,1,132580421392416,132580421559666,132580421568041,8375,41958,12708,218209,272875
heavy_write,20,1.0,2,132580421707583,132580421835375,132580421843625,8250,27666,10542,196333,234541
heavy_write,20,1.0,3,132580421982000,132580422123791,132580422132083,8292,26375,10000,207042,243417
heavy_write,20,1.0,4,132580422280166,132580422437166,132580422445458,8292,34542,12000,218458,265000
heavy_write,20,1.0,5,132580422598458,132580422807583,132580422815791,8208,35458,13375,256750,305583
heavy_write,20,1.0,6,132580422943625,132580423091416,132580423099708,8292,27916,10792,201917,240625
heavy_write,20,1.0,7,132580423222833,132580423348291,132580423356458,8167,26042,10583,178667,215292
heavy_write,20,1.0,8,132580423511041,132580423642916,132580423651083,8167,32584,11791,187667,232042
heavy_write,20,1.0,9,132580423789583,132580423929916,132580423938125,8209,27083,11250,284417,322750
fma_loop,0,0.0,0,132621033873958,132621036203000,132621036217333,14333,248750,65917,2314542,2629209
fma_loop,0,0.0,1,132621036716625,132621037078500,132621037087833,9333,87875,21833,366709,476417
fma_loop,0,0.0,2,132621037256583,132621037459125,132621037468375,9250,35917,14042,261125,311084
fma_loop,0,0.0,3,132621037620208,132621037774791,132621037783375,8584,32583,12625,273167,318375
fma_loop,0,0.0,4,132621037992958,132621038201916,132621038211416,9500,34209,13833,265542,313584
fma_loop,0,0.0,5,132621038356416,132621038532000,132621038541500,9500,31750,13167,243875,288792
fma_loop,0,0.0,6,132621038691541,132621038836541,132621038845083,8542,30708,11042,195667,237417
fma_loop,0,0.0,7,132621038978375,132621039134041,132621039142291,8250,31750,13292,208583,253625
fma_loop,0,0.0,8,132621039319291,132621039519541,132621039528875,9334,33083,12834,281041,326958
fma_loop,0,0.0,9,132621039711083,132621039901625,132621039911208,9583,28375,12084,325625,366084
fma_loop,1,0.0,0,132622060237500,132622062572750,132622062595041,22291,260084,109666,2223584,2593334
fma_loop,1,0.0,1,132622063048750,132622063305625,132622063315416,9791,44041,16000,419584,479625
fma_loop,1,0.0,2,132622063603083,132622064120375,132622064130166,9791,153000,145958,372000,670958
fma_loop,1,0.0,3,132622064360250,132622064648208,132622064657500,9292,71208,22000,1438292,1531500
fma_loop,1,0.0,4,132622066269500,132622066779041,132622066788833,9792,89125,25625,595292,710042
fma_loop,1,0.0,5,132622067102500,132622067392000,132622067401500,9500,58750,20916,350959,430625
fma_loop,1,0.0,6,132622067624166,132622067904125,132622067913791,9666,56583,21667,375333,453583
fma_loop,1,0.0,7,132622068161250,132622068519791,132622068529583,9792,51958,19875,440959,512792
fma_loop,1,0.0,8,132622068803458,132622069056750,132622069066250,9500,55000,19583,324042,398625
fma_loop,1,0.0,9,132622069276791,132622069597875,132622069607583,9708,109333,18042,341917,469292
fma_loop,5,0.0,0,132623111972500,132623113883416,132623113900583,17167,221708,57959,1846250,2125917
fma_loop,5,0.0,1,132623114225791,132623114419916,132623114429166,9250,29375,11708,260750,301833
fma_loop,5,0.0,2,132623114576458,132623114734000,132623114743250,9250,29667,10958,405917,446542
fma_loop,5,0.0,3,132623115623666,132623115993708,132623116003208,9500,63459,15250,511500,590209
fma_loop,5,0.0,4,132623116275833,132623116535208,132623116544666,9458,40875,13875,335250,390000
fma_loop,5,0.0,5,132623116713583,132623116909916,132623116919416,9500,31208,11834,290958,334000
fma_loop,5,0.0,6,132623117092791,132623117253916,132623117263166,9250,28708,11375,246375,286458
fma_loop,5,0.0,7,132623117554250,132623117742416,132623117752166,9750,33458,12000,266792,312250
fma_loop,5,0.0,8,132623117911916,132623118071500,132623118079875,8375,29333,10917,289625,329875
fma_loop,5,0.0,9,132623118374291,132623118710041,132623118720166,10125,72583,20542,402583,495708
fma_loop,20,0.0,0,132624234489833,132624236665666,132624236679875,14209,221500,55875,2155333,2432708
fma_loop,20,0.0,1,132624237084333,132624237597583,132624237606916,9333,69958,18375,605833,694166
fma_loop,20,0.0,2,132624237894083,132624238249875,132624238259250,9375,64042,28625,420250,512917
fma_loop,20,0.0,3,132624238475500,132624238692666,132624238701958,9292,39125,15667,320208,375000
fma_loop,20,0.0,4,132624238918500,132624239129125,132624239138833,9708,40458,13167,295167,348792
fma_loop,20,0.0,5,132624239316208,132624239471458,132624239480000,8542,30334,10833,241792,282959
fma_loop,20,0.0,6,132624239640041,132624239828333,132624239837875,9542,26000,9750,285959,321709
fma_loop,20,0.0,7,132624240000541,132624240133875,132624240142416,8541,24084,9833,227250,261167
fma_loop,20,0.0,8,132624240299958,132624240448375,132624240457666,9291,23750,9834,265875,299459
fma_loop,20,0.0,9,132624240636333,132624240825416,132624240835000,9584,24042,11333,290875,326250
fma_loop,0,0.001,0,132625641850000,132625642660625,132625642675708,15083,139791,27667,868458,1035916
fma_loop,0,0.001,1,132625642991500,132625643208250,132625643217833,9583,42084,15750,329000,386834
fma_loop,0,0.001,2,132625643427208,132625643606666,132625643616000,9334,27875,11375,294875,334125
fma_loop,0,0.001,3,132625643801708,132625643962416,132625643970583,8167,25583,11125,268667,305375
fma_loop,0,0.001,4,132625644176083,132625644393375,132625644402916,9541,40709,13791,305500,360000
fma_loop,0,0.001,5,132625644582208,132625644755166,132625644764791,9625,28333,9667,285750,323750
fma_loop,0,0.001,6,132625644945458,132625645113958,132625645122708,8750,42625,9584,263250,315459
fma_loop,0,0.001,7,132625645300000,132625645489500,132625645499166,9666,25875,8959,303500,338334
fma_loop,0,0.001,8,132625645674625,132625645826458,132625645835041,8583,23708,8750,280542,313000
fma_loop,0,0.001,9,132625646023958,132625646210541,132625646219875,9334,24875,8541,291084,324500
fma_loop,1,0.001,0,132626730372041,132626732873333,132626732889375,16042,451042,52333,2324542,2827917
fma_loop,1,0.001,1,132626733505750,132626733920458,132626733930083,9625,98000,29167,449583,576750
fma_loop,1,0.001,2,132626734340750,132626734691416,132626734701000,9584,53292,20000,410625,483917
fma_loop,1,0.001,3,132626734875541,132626735079125,132626735088458,9333,37666,13209,328125,379000
fma_loop,1,0.001,4,132626735307166,132626735513166,132626735522625,9459,30458,11583,335750,377791
fma_loop,1,0.001,5,132626735732625,132626735950250,132626735959458,9208,28500,11917,299916,340333
fma_loop,1,0.001,6,132626736122791,132626736299333,132626736308791,9458,32375,11875,259084,303334
fma_loop,1,0.001,7,132626736610750,132626736848083,132626736857375,9292,24208,12834,368583,405625
fma_loop,1,0.001,8,132626737106791,132626737333666,132626737343166,9500,47958,12750,302834,363542
fma_loop,1,0.001,9,132626737504500,132626737639125,132626737647750,8625,23375,7750,254708,285833
fma_loop,5,0.001,0,132627826929000,132627828193208,132627828213583,20375,245000,69167,1233458,1547625
fma_loop,5,0.001,1,132627828690666,132627829002958,132627829012916,9958,67000,23042,379042,469084
fma_loop,5,0.001,2,132627829253083,132627829498250,132627829508041,9791,54083,20542,323167,397792
fma_loop,5,0.001,3,132627829752041,132627829999958,132627830009625,9667,51833,18583,378334,448750
fma_loop,5,0.001,4,132627830235708,132627830393583,132627830403708,10125,23833,8625,241209,273667
fma_loop,5,0.001,5,132627830554125,132627830729708,132627830738541,8833,27167,9625,247708,284500
fma_loop,5,0.001,6,132627830876041,132627831003291,132627831014708,11417,22375,8500,225709,256584
fma_loop,5,0.001,7,132627831169458,132627831365916,132627831375333,9417,25083,9125,277083,311291
fma_loop,5,0.001,8,132627831519333,132627831650083,132627831658875,8792,22000,8375,204791,235166
fma_loop,5,0.001,9,132627831791666,132627831919666,132627831928208,8542,23042,8542,426083,457667
fma_loop,20,0.001,0,132629018089583,132629020288041,132629020307916,19875,267791,86042,2109500,2463333
fma_loop,20,0.001,1,132629020782208,132629021071500,132629021081250,9750,56167,20917,374416,451500
fma_loop,20,0.001,2,132629021339125,132629021638875,132629021648583,9708,62750,22708,380458,465916
fma_loop,20,0.001,3,132629021904333,132629022165416,132629022175041,9625,53625,19666,340084,413375
fma_loop,20,0.001,4,132629022395833,132629022655791,132629022665500,9709,48833,18458,378834,446125
fma_loop,20,0.001,5,132629023033791,132629023273125,132629023282750,9625,46666,12459,301666,360791
fma_loop,20,0.001,6,132629023467916,132629023633208,132629023641625,8417,25958,10292,392667,428917
fma_loop,20,0.001,7,132629023946208,132629024153666,132629024163541,9875,30042,10500,277958,318500
fma_loop,20,0.001,8,132629024304041,132629024458666,132629024467541,8875,26458,10125,225292,261875
fma_loop,20,0.001,9,132629024604000,132629024745916,132629024754791,8875,24625,9292,228417,262334
fma_loop,0,0.01,0,132630474396166,132630476564083,132630476581083,17000,282167,79250,2076042,2437459
fma_loop,0,0.01,1,132630477050375,132630477363250,132630477373125,9875,70250,22708,378500,471458
fma_loop,0,0.01,2,132630477606333,132630477867208,132630477876916,9708,53208,19542,324250,397000
fma_loop,0,0.01,3,132630478112541,132630478346041,132630478355791,9750,52792,18708,316209,387709
fma_loop,0,0.01,4,132630478581375,132630478840583,132630478850333,9750,51000,19042,372792,442834
fma_loop,0,0.01,5,132630479164000,132630479514375,132630479524125,9750,59292,20500,447583,527375
fma_loop,0,0.01,6,132630479772416,132630480139416,132630480149041,9625,51416,19167,468833,539416
fma_loop,0,0.01,7,132630480393333,132630480671666,132630480681666,10000,52583,19292,361875,433750
fma_loop,0,0.01,8,132630480901875,132630481160375,132630481169833,9458,47833,18167,345750,411750
fma_loop,0,0.01,9,132630481388125,132630481632541,132630481642500,9959,47250,17750,325625,390625
fma_loop,1,0.01,0,132632026002458,132632028399041,132632028419208,20167,308625,74167,2266291,2649083
fma_loop,1,0.01,1,132632028878791,132632029178083,132632029187916,9833,68208,22333,396792,487333
fma_loop,1,0.01,2,132632029473958,132632029743250,132632029753291,10041,52250,21792,349416,423458
fma_loop,1,0.01,3,132632030001875,132632030285166,132632030294458,9292,55375,20250,363792,439417
fma_loop,1,0.01,4,132632030521166,132632030781583,132632030791083,9500,49875,18000,380792,448667
fma_loop,1,0.01,5,132632031075666,132632031342500,132632031352041,9541,50917,19708,355834,426459
fma_loop,1,0.01,6,132632031578958,132632031826583,132632031836208,9625,47500,18375,332042,397917
fma_loop,1,0.01,7,132632032054958,132632032318208,132632032328041,9833,47625,17875,348125,413625
fma_loop,1,0.01,8,132632032540791,132632032780458,132632032790041,9583,45208,17250,411375,473833
fma_loop,1,0.01,9,132632033084750,132632033326083,132632033335833,9750,47542,19375,329000,395917
fma_loop,5,0.01,0,132633562023375,132633564333416,132633564353750,20334,264125,63709,2248625,2576459
fma_loop,5,0.01,1,132633564852333,132633565155041,132633565165083,10042,63917,21250,376083,461250
fma_loop,5,0.01,2,132633565404291,132633565686875,132633565696750,9875,53500,21209,376583,451292
fma_loop,5,0.01,3,132633565934666,132633566156291,132633566166000,9709,50375,18500,298708,367583
fma_loop,5,0.01,4,132633566375708,132633566584541,132633566594500,9959,48541,17917,292708,359166
fma_loop,5,0.01,5,132633566806250,132633567166875,132633567176750,9875,130917,23833,355208,509958
fma_loop,5,0.01,6,132633567385458,132633567622833,132633567632750,9917,46208,18583,318667,383458
fma_loop,5,0.01,7,132633567837833,132633568077916,132633568087500,9584,45916,17875,300209,364000
fma_loop,5,0.01,8,132633568252416,132633568442958,132633568452833,9875,31250,11166,264875,307291
fma_loop,5,0.01,9,132633568604500,132633568762708,132633568771208,8500,27750,10833,227334,265917
fma_loop,20,0.01,0,132635191211916,132635193749833,132635193766041,16208,646125,74375,2032250,2752750
fma_loop,20,0.01,1,132635194173416,132635194477583,132635194487291,9708,77209,25916,313917,417042
fma_loop,20,0.01,2,132635194651666,132635194900541,132635194910250,9709,75125,12792,271125,359042
fma_loop,20,0.01,3,132635195078958,132635195278708,132635195288000,9292,33292,13791,255334,302417
fma_loop,20,0.01,4,132635195427875,132635195582791,132635195591125,8334,32333,13167,205500,251000
fma_loop,20,0.01,5,132635195723333,132635195903500,132635195913250,9750,30250,12666,241459,284375
fma_loop,20,0.01,6,132635196051333,132635196206291,132635196214750,8459,28792,13792,193250,235834
fma_loop,20,0.01,7,132635196329500,132635196477083,132635196485541,8458,27209,12208,203292,242709
fma_loop,20,0.01,8,132635196615708,132635196897750,132635196906958,9208,28792,12167,364958,405917
fma_loop,20,0.01,9,132635197064958,132635197195291,132635197203916,8625,27375,11875,189875,229125
fma_loop,0,0.1,0,132637130246666,132637130951916,132637130968708,16792,102792,20458,804625,927875
fma_loop,0,0.1,1,132637131302208,132637131536083,132637131546125,10042,32083,12292,356333,400708
fma_loop,0,0.1,2,132637131745958,132637131895041,132637131904000,8959,22541,11750,282792,317083
fma_loop,0,0.1,3,132637132110541,132637132311541,132637132321583,10042,24667,9167,318625,352459
fma_loop,0,0.1,4,132637132497833,132637132678500,132637132688541,10041,22333,12208,302417,336958
fma_loop,0,0.1,5,132637132869166,132637133028416,132637133037250,8834,19958,10625,300333,330916
fma_loop,0,0.1,6,132637133234000,132637133443208,132637133453208,10000,20959,11000,326208,358167
fma_loop,0,0.1,7,132637133622750,132637133758416,132637133768375,9959,19875,10291,266125,296291
fma_loop,0,0.1,8,132637133951666,132637134095500,132637134104375,8875,19166,10042,258042,287250
fma_loop,0,0.1,9,132637134268750,132637134409625,132637134418708,9083,19375,10291,288792,318458
fma_loop,1,0.1,0,132642284770833,132642285749083,132642285763708,14625,260416,62084,889041,1211541
fma_loop,1,0.1,1,132642286163208,132642286410500,132642286420375,9875,52791,21667,311333,385791
fma_loop,1,0.1,2,132642286625958,132642286855625,132642286865416,9791,47916,18959,347000,413875
fma_loop,1,0.1,3,132642287177458,132642287461375,132642287471291,9916,63833,22250,350667,436750
fma_loop,1,0.1,4,132642287695541,132642287920875,132642287930416,9541,48375,20083,282334,350792
fma_loop,1,0.1,5,132642288127041,132642288354333,132642288363791,9458,48291,18209,597083,663583
fma_loop,1,0.1,6,132642288876333,132642289144291,132642289154083,9792,53000,20958,328167,402125
fma_loop,1,0.1,7,132642289351083,132642289595416,132642289605000,9584,47250,19750,385292,452292
fma_loop,1,0.1,8,132642289890750,132642290206666,132642290215625,8959,84666,20459,387166,492291
fma_loop,1,0.1,9,132642290467875,132642290915083,132642290924875,9792,200334,22708,360958,584000
fma_loop,5,0.1,0,132647444694208,132647447041166,132647447056458,15292,292208,94208,2210625,2597041
fma_loop,5,0.1,1,132647447496375,132647447814333,132647447823291,8958,76583,28834,366166,471583
fma_loop,5,0.1,2,132647448052041,132647448335000,132647448344000,9000,51333,19833,365709,436875
fma_loop,5,0.1,3,132647448612625,132647448877625,132647448886791,9166,54375,21042,322000,397417
fma_loop,5,0.1,4,132647449083708,132647449279083,132647449288291,9208,47250,18791,269542,335583
fma_loop,5,0.1,5,132647449493583,132647449788416,132647449797583,9167,48916,34459,363708,447083
fma_loop,5,0.1,6,132647450013958,132647450240166,132647450249958,9792,50500,18417,301333,370250
fma_loop,5,0.1,7,132647450477833,132647450745666,132647450755458,9792,57709,22166,286334,366209
fma_loop,5,0.1,8,132647450889416,132647451044500,132647451052500,8000,30792,11167,197708,239667
fma_loop,5,0.1,9,132647451175791,132647451362791,132647451371958,9167,28542,14166,253625,296333
fma_loop,20,0.1,0,132652673556041,132652676137416,132652676152666,15250,270334,75333,2521125,2866792
fma_loop,20,0.1,1,132652676637916,132652676943833,132652676953750,9917,61459,22375,371666,455500
fma_loop,20,0.1,2,132652677177833,132652677403666,132652677413708,10042,50208,19208,317792,387208
fma_loop,20,0.1,3,132652677642416,132652677868291,132652677878333,10042,48292,18583,307000,373875
fma_loop,20,0.1,4,132652678092083,132652678309875,132652678319916,10041,46750,18208,299583,364541
fma_loop,20,0.1,5,132652678591541,132652678853125,132652678862750,9625,49708,18083,342459,410250
fma_loop,20,0.1,6,132652679074333,132652679323041,132652679332666,9625,45625,18750,334541,398916
fma_loop,20,0.1,7,132652679545375,132652679799375,132652679809416,10041,47000,20375,312417,379792
fma_loop,20,0.1,8,132652679985375,132652680262666,132652680272500,9834,36625,12875,359584,409084
fma_loop,20,0.1,9,132652680438833,132652680610875,132652680620833,9958,27583,11042,248041,286666
fma_loop,0,1.0,0,132658253699125,132658256194791,132658256211500,16709,273000,100000,3384416,3757416
fma_loop,0,1.0,1,132658257786666,132658258315416,132658258324958,9542,105792,35291,592584,733667
fma_loop,0,1.0,2,132658258570750,132658258781166,132658258790708,9542,31208,12625,291375,335208
fma_loop,0,1.0,3,132658258965458,132658259201750,132658259211000,9250,34583,14084,307541,356208
fma_loop,0,1.0,4,132658259394333,132658259599125,132658259608625,9500,31500,13375,284333,329208
fma_loop,0,1.0,5,132658259772250,132658259949541,132658259958083,8542,31875,12583,260667,305125
fma_loop,0,1.0,6,132658260132333,132658260344333,132658260353541,9208,34250,13125,329625,377000
fma_loop,0,1.0,7,132658260602291,132658260845833,132658260855208,9375,47250,16417,308583,372250
fma_loop,0,1.0,8,132658261037708,132658261229291,132658261238625,9334,30500,14333,287667,332500
fma_loop,0,1.0,9,132658261434333,132658261597375,132658261607083,9708,36250,12750,265833,314833
fma_loop,1,1.0,0,132698502467375,132698504719750,132698504734083,14333,209041,54084,2228958,2492083
fma_loop,1,1.0,1,132698505157750,132698506151500,132698506161250,9750,618500,24000,514667,1157167
fma_loop,1,1.0,2,132698506469875,132698508202791,132698508211583,8792,50292,1116292,738666,1905250
fma_loop,1,1.0,3,132698509580208,132698510554375,132698510563166,8791,96209,42791,1020834,1159834
fma_loop,1,1.0,4,132698510815250,132698511230125,132698511239375,9250,213125,16084,304416,533625
fma_loop,1,1.0,5,132698511479416,132698511673333,132698511682583,9250,30541,9834,260583,300958
fma_loop,1,1.0,6,132698511820458,132698511973666,132698511981916,8250,25166,9709,211166,246041
fma_loop,1,1.0,7,132698512103416,132698512239958,132698512248250,8292,22584,9083,204958,236625
fma_loop,1,1.0,8,132698512377333,132698512567625,132698512576875,9250,24500,9958,254167,288625
fma_loop,1,1.0,9,132698512701333,132698512853708,132698512861958,8250,23542,9416,208000,240958
fma_loop,5,1.0,0,132738765007125,132738767300291,132738767321916,21625,277291,108875,2158334,2544500
fma_loop,5,1.0,1,132738767759375,132738768072625,132738768082250,9625,76542,25333,367000,468875
fma_loop,5,1.0,2,132738768325333,132738768624166,132738768633958,9792,61083,21667,371208,453958
fma_loop,5,1.0,3,132738768857375,132738769096416,132738769106083,9667,50208,18292,320917,389417
fma_loop,5,1.0,4,132738769318750,132738769549125,132738769558875,9750,46708,18125,313417,378250
fma_loop,5,1.0,5,132738769835625,132738770101000,132738770110458,9458,47375,17750,367333,432458
fma_loop,5,1.0,6,132738770348333,132738770598583,132738770608083,9500,51791,18834,320416,391041
fma_loop,5,1.0,7,132738770816583,132738771058583,132738771068333,9750,48583,18417,327208,394208
fma_loop,5,1.0,8,132738771297500,132738771559166,132738771568583,9417,47708,18250,346917,412875
fma_loop,5,1.0,9,132738771779750,132738772033416,132738772042833,9417,46291,17667,351042,415000
fma_loop,20,1.0,0,132779109116833,132779110244625,132779110259625,15000,222500,52541,1300167,1575208
fma_loop,20,1.0,1,132779110855166,132779111279375,132779111288875,9500,36666,13750,520209,570625
fma_loop,20,1.0,2,132779111546208,132779111720208,132779111917791,197583,54125,11333,659208,724666
fma_loop,20,1.0,3,132779112329083,132779112580666,132779112590541,9875,34917,15750,318625,369292
fma_loop,20,1.0,4,132779112744000,132779112904041,132779112912750,8709,29083,11750,240250,281083
fma_loop,20,1.0,5,132779113070458,132779113263041,132779113272916,9875,29375,11584,259583,300542
fma_loop,20,1.0,6,132779113455583,132779113742166,132779113752000,9834,28292,104208,266250,398750
fma_loop,20,1.0,7,132779113944250,132779114238958,132779114248750,9792,29167,105208,2102375,2236750
fma_loop,20,1.0,8,132779116393875,132779117033041,132779117046875,13834,80708,21917,746000,848625
fma_loop,20,1.0,9,132779117499875,132779117849041,132779117859125,10084,152916,12042,434208,599166
