iso_ts,monotonic_ns,window_s,gpu_power_mw,cpu_power_mw,ane_power_mw,dram_power_mw,amcc_power_mw,dcs_power_mw,afr_power_mw,disp_power_mw,isp_power_mw,ave_power_mw,gpu_sram_power_mw,gpu_energy_nj,cpu_energy_nj,ane_energy_nj,dram_energy_nj,amcc_energy_nj,dcs_energy_nj,afr_energy_nj,disp_energy_nj,isp_energy_nj,ave_energy_nj,gpu_sram_energy_nj
2026-04-28T22:12:04.469368,29367247509416,0.38119,136.491,1314.305,0.0,545.659,666.334,700.438,7.87,317.427,0.0,2.623,0.0,52028832,501000000,0,208000000,254000000,267000000,3000000,121000000,0,1000000,0
2026-04-28T22:12:04.914597,29367692739750,0.445237,111.976,2263.964,0.0,599.681,761.393,936.581,8.984,316.686,2.246,2.246,0.0,49855967,1008000000,0,267000000,339000000,417000000,4000000,141000000,1000000,1000000,0
2026-04-28T22:12:05.346940,29368125084875,0.432347,89.387,2169.553,0.0,608.307,871.984,948.312,6.939,330.753,2.313,2.313,0.0,38646376,938000000,0,263000000,377000000,410000000,3000000,143000000,1000000,1000000,0
2026-04-28T22:12:05.775699,29368553847083,0.428761,128.512,2346.294,0.0,622.724,834.963,1026.212,9.329,331.187,2.332,2.332,0.0,55100923,1006000000,0,267000000,358000000,440000000,4000000,142000000,1000000,1000000,0
2026-04-28T22:12:06.204495,29368982648583,0.428798,104.703,2182.844,0.0,562.036,797.578,942.168,6.996,326.494,2.332,2.332,0.0,44896539,936000000,0,241000000,342000000,404000000,3000000,140000000,1000000,1000000,0
2026-04-28T22:12:06.634459,29369412612208,0.429967,134.401,2414.139,0.0,576.788,776.804,932.63,11.629,327.932,2.326,2.326,0.0,57787938,1038000000,0,248000000,334000000,401000000,5000000,141000000,1000000,1000000,0
2026-04-28T22:12:07.065030,29369843185833,0.430575,102.817,3739.19,0.0,745.515,1131.047,1416.712,6.967,320.502,2.322,0.0,0.0,44270282,1610000000,0,321000000,487000000,610000000,3000000,138000000,1000000,0,0
2026-04-28T22:12:07.512495,29370290654750,0.447468,145.525,5524.418,0.0,882.745,1488.375,1718.559,11.174,321.811,2.235,2.235,0.0,65117981,2472000000,0,395000000,666000000,769000000,5000000,144000000,1000000,1000000,0
2026-04-28T22:12:07.941126,29370719287875,0.428634,122.524,2200.013,0.0,587.914,846.877,928.531,9.332,340.617,0.0,2.333,0.0,52517948,943000000,0,252000000,363000000,398000000,4000000,146000000,0,1000000,0
2026-04-28T22:12:08.361032,29371139197500,0.419909,107.64,2167.137,0.0,526.305,766.833,869.236,7.144,333.406,2.381,2.381,0.0,45198883,910000000,0,221000000,322000000,365000000,3000000,140000000,1000000,1000000,0
2026-04-28T22:12:08.789732,29371567901625,0.428702,124.727,2269.64,0.0,604.149,891.061,1035.684,9.33,319.569,2.333,2.333,0.0,53470538,973000000,0,259000000,382000000,444000000,4000000,137000000,1000000,1000000,0
2026-04-28T22:12:09.219289,29371997460291,0.42956,128.646,2241.827,0.0,614.582,828.754,1042.927,11.64,325.915,2.328,2.328,0.0,55261341,963000000,0,264000000,356000000,448000000,5000000,140000000,1000000,1000000,0
2026-04-28T22:12:09.651657,29372429830250,0.432371,130.032,2294.325,0.0,538.889,795.613,786.361,9.251,328.421,2.313,2.313,0.0,56222288,992000000,0,233000000,344000000,340000000,4000000,142000000,1000000,1000000,0
2026-04-28T22:12:10.086516,29372864693333,0.434862,102.758,2159.307,0.0,549.6,761.161,952.027,6.899,324.241,2.3,0.0,0.0,44685739,939000000,0,239000000,331000000,414000000,3000000,141000000,1000000,0,0
2026-04-28T22:12:10.521735,29373299915750,0.435222,138.353,2104.673,0.0,576.717,792.699,992.597,9.191,328.568,2.298,2.298,0.0,60214142,916000000,0,251000000,345000000,432000000,4000000,143000000,1000000,1000000,0
2026-04-28T22:12:10.944880,29373723062750,0.423148,118.62,2235.626,0.0,550.635,801.139,907.485,9.453,330.854,0.0,2.363,0.0,50193807,946000000,0,233000000,339000000,384000000,4000000,140000000,0,1000000,0
2026-04-28T22:12:11.364722,29374142907208,0.419844,116.679,2231.78,0.0,521.622,757.424,814.588,9.527,333.457,2.382,2.382,0.0,48986898,937000000,0,219000000,318000000,342000000,4000000,140000000,1000000,1000000,0
2026-04-28T22:12:11.795787,29374573976166,0.431068,128.692,2498.445,0.0,579.955,867.612,1034.639,9.279,317.815,2.32,2.32,0.0,55474848,1077000000,0,250000000,374000000,446000000,4000000,137000000,1000000,1000000,0
2026-04-28T22:12:12.223929,29375002119875,0.428145,89.504,1917.574,0.0,483.481,787.116,789.452,7.007,333.999,2.336,2.336,0.0,38320823,821000000,0,207000000,337000000,338000000,3000000,143000000,1000000,1000000,0
2026-04-28T22:12:12.673583,29375451777750,0.449658,133.637,2134.958,0.0,564.874,833.968,991.866,11.12,311.348,2.224,2.224,0.0,60090824,960000000,0,254000000,375000000,446000000,5000000,140000000,1000000,1000000,0
2026-04-28T22:12:13.111927,29375890125000,0.438347,107.85,1957.355,0.0,529.261,766.517,828.112,6.844,337.632,2.281,0.0,0.0,47275614,858000000,0,232000000,336000000,363000000,3000000,148000000,1000000,0,0
2026-04-28T22:12:13.543705,29376321906375,0.431781,137.179,2139.972,0.0,585.945,768.908,986.611,11.58,331.186,2.316,2.316,0.0,59231457,924000000,0,253000000,332000000,426000000,5000000,143000000,1000000,1000000,0
2026-04-28T22:12:13.975792,29376753994166,0.432089,115.729,2143.075,0.0,506.84,779.931,874.819,6.943,326.321,0.0,2.314,0.0,50005473,926000000,0,219000000,337000000,378000000,3000000,141000000,0,1000000,0
2026-04-28T22:12:14.401972,29377180177458,0.426183,103.042,2123.502,0.0,588.949,800.126,971.414,9.386,333.19,2.346,2.346,0.0,43914774,905000000,0,251000000,341000000,414000000,4000000,142000000,1000000,1000000,0
2026-04-28T22:12:14.833440,29377611648750,0.431471,115.114,2143.827,0.0,507.565,790.319,845.942,6.953,319.836,2.318,2.318,0.0,49668557,925000000,0,219000000,341000000,365000000,3000000,138000000,1000000,1000000,0
2026-04-28T22:12:15.280580,29378058795541,0.44714,116.23,1912.152,0.0,498.725,751.442,852.082,8.946,319.81,2.236,2.236,0.0,51971099,855000000,0,223000000,336000000,381000000,4000000,143000000,1000000,1000000,0
2026-04-28T22:12:15.728344,29378506559291,0.44777,115.918,2177.459,0.0,553.856,788.352,866.517,8.933,326.061,2.233,2.233,0.0,51904375,975000000,0,248000000,353000000,388000000,4000000,146000000,1000000,1000000,0
2026-04-28T22:12:16.158143,29378936361166,0.429802,107.069,2035.823,0.0,546.764,795.716,972.542,9.307,339.692,2.327,2.327,0.0,46018268,875000000,0,235000000,342000000,418000000,4000000,146000000,1000000,1000000,0
2026-04-28T22:12:16.605490,29379383710583,0.44735,123.887,2063.26,0.0,538.728,762.266,914.272,8.942,317.425,2.235,0.0,0.0,55420911,923000000,0,241000000,341000000,409000000,4000000,142000000,1000000,0,0
2026-04-28T22:12:17.032387,29379810609916,0.4269,119.443,2129.306,0.0,515.344,735.536,749.591,9.37,339.658,2.342,2.342,0.0,50990177,909000000,0,220000000,314000000,320000000,4000000,145000000,1000000,1000000,0
2026-04-28T22:12:17.455701,29380233928791,0.423317,123.499,2508.76,0.0,673.255,878.775,1164.613,7.087,330.722,0.0,2.362,0.0,52279087,1062000000,0,285000000,372000000,493000000,3000000,140000000,0,1000000,0
2026-04-28T22:12:17.894263,29380672495041,0.438566,120.031,2125.109,0.0,519.876,750.173,884.702,11.401,316.942,2.28,2.28,0.0,52641430,932000000,0,228000000,329000000,388000000,5000000,139000000,1000000,1000000,0
2026-04-28T22:12:18.318236,29381096467833,0.423975,113.717,2035.496,0.0,516.54,738.251,900.996,7.076,339.642,2.359,2.359,0.0,48213304,863000000,0,219000000,313000000,382000000,3000000,144000000,1000000,1000000,0
2026-04-28T22:12:18.748876,29381527111750,0.430643,118.956,2178.14,0.0,596.783,838.282,1028.695,9.288,320.451,2.322,2.322,0.0,51227728,938000000,0,257000000,361000000,443000000,4000000,138000000,1000000,1000000,0
2026-04-28T22:12:19.179050,29381957289583,0.430178,125.858,2085.185,0.0,548.611,774.099,894.979,9.298,330.096,2.325,2.325,0.0,54141327,897000000,0,236000000,333000000,385000000,4000000,142000000,1000000,1000000,0
2026-04-28T22:12:19.606073,29382384315041,0.427026,144.994,2205.955,0.0,594.812,800.888,981.205,11.709,330.191,2.342,0.0,0.0,61916109,942000000,0,254000000,342000000,419000000,5000000,141000000,1000000,0,0
2026-04-28T22:12:20.055963,29382834207458,0.449893,100.571,1884.893,0.0,489.005,689.053,891.323,6.668,308.962,2.223,2.223,0.0,45245965,848000000,0,220000000,310000000,401000000,3000000,139000000,1000000,1000000,0
2026-04-28T22:12:20.484962,29383263210166,0.429002,127.053,1932.393,0.0,519.811,766.897,918.411,9.324,344.987,2.331,2.331,0.0,54505915,829000000,0,223000000,329000000,394000000,4000000,148000000,1000000,1000000,0
2026-04-28T22:12:20.912947,29383691196875,0.427988,124.526,2007.064,0.0,502.35,714.973,834.135,9.346,327.112,0.0,2.337,0.0,53295599,859000000,0,215000000,306000000,357000000,4000000,140000000,0,1000000,0
2026-04-28T22:12:21.338179,29384116430125,0.425234,107.863,1961.273,0.0,522.065,797.208,938.307,9.407,326.879,2.352,2.352,0.0,45866803,834000000,0,222000000,339000000,399000000,4000000,139000000,1000000,1000000,0
2026-04-28T22:12:21.787071,29384565326166,0.448895,126.309,1982.646,0.0,485.637,730.683,784.147,8.911,311.877,2.228,2.228,0.0,56699549,890000000,0,218000000,328000000,352000000,4000000,140000000,1000000,1000000,0
2026-04-28T22:12:22.258035,29385036294875,0.470968,122.309,2000.137,0.0,484.11,687.945,876.918,8.493,314.247,2.123,2.123,0.0,57603453,942000000,0,228000000,324000000,413000000,4000000,148000000,1000000,1000000,0
2026-04-28T22:12:22.707051,29385485314666,0.449019,130.253,2264.94,0.0,636.945,861.88,973.234,11.135,345.197,2.227,2.227,0.0,58486200,1017000000,0,286000000,387000000,437000000,5000000,155000000,1000000,1000000,0
2026-04-28T22:12:23.137592,29385915855166,0.430544,127.614,2552.586,0.0,620.146,924.413,1001.06,9.291,339.106,2.323,2.323,0.0,54943561,1099000000,0,267000000,398000000,431000000,4000000,146000000,1000000,1000000,0
2026-04-28T22:12:23.568564,29386346831708,0.430976,268.896,2526.824,0.0,735.54,1269.213,1306.338,18.563,327.165,2.32,0.0,0.0,115887639,1089000000,0,317000000,547000000,563000000,8000000,141000000,1000000,0,0
2026-04-28T22:12:24.007710,29386785980666,0.439148,255.164,2192.88,0.0,567.006,1047.482,1029.265,20.494,316.522,2.277,2.277,0.0,112055042,963000000,0,249000000,460000000,452000000,9000000,139000000,1000000,1000000,0
2026-04-28T22:12:24.438554,29387216826958,0.430847,270.561,2237.453,0.0,575.61,1056.059,949.293,20.889,336.546,0.0,2.321,0.0,116570422,964000000,0,248000000,455000000,409000000,9000000,145000000,0,1000000,0
2026-04-28T22:12:24.866512,29387644786333,0.42796,244.3,2009.532,0.0,535.096,990.746,976.726,18.693,329.47,2.337,2.337,0.0,104550660,860000000,0,229000000,424000000,418000000,8000000,141000000,1000000,1000000,0
2026-04-28T22:12:25.309579,29388087857333,0.44307,251.414,1882.319,0.0,480.736,916.333,844.11,20.313,315.977,2.257,2.257,0.0,111394230,834000000,0,213000000,406000000,374000000,9000000,140000000,1000000,1000000,0
2026-04-28T22:12:25.736333,29388514614250,0.426757,267.559,2033.944,0.0,529.575,1009.942,930.272,18.746,342.115,2.343,2.343,0.0,114182512,868000000,0,226000000,431000000,397000000,8000000,146000000,1000000,1000000,0
2026-04-28T22:12:26.168601,29388946892041,0.432271,252.108,1776.664,0.0,506.627,946.166,990.12,18.507,321.558,2.313,2.313,0.0,108978971,768000000,0,219000000,409000000,428000000,8000000,139000000,1000000,1000000,0
2026-04-28T22:12:26.618694,29389396984125,0.450096,259.037,1784.063,0.0,491.006,950.908,946.464,22.217,315.488,2.222,0.0,0.0,116591768,803000000,0,221000000,428000000,426000000,10000000,142000000,1000000,0,0
2026-04-28T22:12:27.046531,29389824820708,0.42784,268.937,1841.812,0.0,530.573,1014.399,1002.712,18.699,341.249,2.337,2.337,0.0,115062020,788000000,0,227000000,434000000,429000000,8000000,146000000,1000000,1000000,0
2026-04-28T22:12:27.479380,29390257672958,0.432851,263.84,1841.281,0.0,524.43,956.45,974.932,20.792,325.747,0.0,2.31,0.0,114203226,797000000,0,227000000,414000000,422000000,9000000,141000000,0,1000000,0
2026-04-28T22:12:27.912674,29390690971083,0.433298,264.585,1841.69,0.0,500.81,946.232,916.229,20.771,325.411,2.308,2.308,0.0,114644031,798000000,0,217000000,410000000,397000000,9000000,141000000,1000000,1000000,0
2026-04-28T22:12:28.340271,29391118570000,0.427601,262.4,1772.682,0.0,495.79,998.595,907.389,21.048,332.086,2.339,2.339,0.0,112202430,758000000,0,212000000,427000000,388000000,9000000,142000000,1000000,1000000,0
2026-04-28T22:12:28.767106,29391545408250,0.426838,268.428,1937.505,0.0,581.017,1044.894,1143.292,18.742,330.336,2.343,2.343,0.0,114574995,827000000,0,248000000,446000000,488000000,8000000,141000000,1000000,1000000,0
2026-04-28T22:12:29.197704,29391976006916,0.4306,238.822,1767.3,0.0,492.336,956.804,915.002,18.579,322.805,2.322,2.322,0.0,102836628,761000000,0,212000000,412000000,394000000,8000000,139000000,1000000,1000000,0
2026-04-28T22:12:29.644131,29392422438375,0.446431,260.817,1722.551,0.0,452.478,922.875,835.515,20.16,315.838,2.24,2.24,0.0,116436928,769000000,0,202000000,412000000,373000000,9000000,141000000,1000000,1000000,0
2026-04-28T22:12:30.080030,29392858339625,0.435901,266.913,1605.869,0.0,435.879,961.227,809.817,20.647,334.938,2.294,0.0,0.0,116347693,700000000,0,190000000,419000000,353000000,9000000,146000000,1000000,0,0
2026-04-28T22:12:30.504134,29393282446666,0.424108,267.5,1879.24,0.0,539.957,1016.251,947.873,21.221,334.821,2.358,2.358,0.0,113448579,797000000,0,229000000,431000000,402000000,9000000,142000000,1000000,1000000,0
2026-04-28T22:12:30.931765,29393710080000,0.427633,260.458,1866.086,0.0,481.721,970.458,853.535,18.708,325.045,0.0,2.338,0.0,111380561,798000000,0,206000000,415000000,365000000,8000000,139000000,0,1000000,0
2026-04-28T22:12:31.360528,29394138846708,0.428766,309.59,1870.483,0.0,494.442,1035.529,795.305,23.323,326.518,2.332,2.332,0.0,132741520,802000000,0,212000000,444000000,341000000,10000000,140000000,1000000,1000000,0
2026-04-28T22:12:31.786791,29394565112375,0.426266,381.761,1972.948,0.0,560.683,1175.324,964.188,28.151,326.088,2.346,2.346,0.0,162731551,841000000,0,239000000,501000000,411000000,12000000,139000000,1000000,1000000,0
2026-04-28T22:12:32.220804,29394999128750,0.434016,367.515,1822.512,0.0,490.765,1133.598,792.597,29.953,324.873,2.304,2.304,0.0,159507679,791000000,0,213000000,492000000,344000000,13000000,141000000,1000000,1000000,0
2026-04-28T22:12:32.666981,29395445310291,0.44618,410.856,1970.055,0.0,524.451,1111.658,847.191,31.377,313.774,2.241,2.241,0.0,183315773,879000000,0,234000000,496000000,378000000,14000000,140000000,1000000,1000000,0
2026-04-28T22:12:33.094264,29395872594750,0.427286,490.908,1855.9,0.0,486.794,1067.201,872.952,49.147,344.032,2.34,0.0,0.0,209757908,793000000,0,208000000,456000000,373000000,21000000,147000000,1000000,0,0
2026-04-28T22:12:33.513993,29396292326916,0.419731,461.176,2165.672,0.0,581.324,1143.589,1076.88,40.502,333.547,2.382,2.382,0.0,193569820,909000000,0,244000000,480000000,452000000,17000000,140000000,1000000,1000000,0
2026-04-28T22:12:33.956534,29396734871041,0.442544,366.96,1852.923,0.0,499.385,1071.08,976.174,29.376,307.314,0.0,2.26,0.0,162395901,820000000,0,221000000,474000000,432000000,13000000,136000000,0,1000000,0
2026-04-28T22:12:34.379025,29397157364875,0.422494,397.802,1938.487,0.0,542.019,1173.98,979.895,28.403,345.567,2.367,2.367,0.0,168069169,819000000,0,229000000,496000000,414000000,12000000,146000000,1000000,1000000,0
2026-04-28T22:12:34.800515,29397578857541,0.421493,381.067,2075.956,0.0,555.17,1131.693,1003.576,28.47,322.663,2.373,2.373,0.0,160616898,875000000,0,234000000,477000000,423000000,12000000,136000000,1000000,1000000,0
2026-04-28T22:12:35.228709,29398007052875,0.428197,405.622,1739.854,0.0,425.038,1074.273,719.296,32.695,326.953,2.335,2.335,0.0,173686055,745000000,0,182000000,460000000,308000000,14000000,140000000,1000000,1000000,0
2026-04-28T22:12:35.657333,29398435681916,0.428627,422.66,2057.733,0.0,548.262,1124.521,970.541,37.328,326.624,2.333,2.333,0.0,181163416,882000000,0,235000000,482000000,416000000,16000000,140000000,1000000,1000000,0
2026-04-28T22:12:36.092438,29398870787958,0.435107,368.431,1824.837,0.0,510.219,1098.58,985.964,27.579,321.76,2.298,0.0,0.0,160307131,794000000,0,222000000,478000000,429000000,12000000,140000000,1000000,0,0
2026-04-28T22:12:36.540613,29399318967833,0.448179,401.48,1782.771,0.0,499.801,1073.233,910.351,29.006,316.838,2.231,2.231,0.0,179934690,799000000,0,224000000,481000000,408000000,13000000,142000000,1000000,1000000,0
2026-04-28T22:12:36.973207,29399751564333,0.432597,481.734,1782.26,0.0,469.259,1051.788,813.691,46.232,339.808,0.0,2.312,0.0,208396708,771000000,0,203000000,455000000,352000000,20000000,147000000,0,1000000,0
2026-04-28T22:12:37.393398,29400171756958,0.420194,484.117,1899.124,0.0,542.607,1123.292,1004.299,40.458,333.18,2.38,2.38,0.0,203422979,798000000,0,228000000,472000000,422000000,17000000,140000000,1000000,1000000,0
2026-04-28T22:12:37.818691,29400597053833,0.425296,443.16,1925.717,0.0,552.556,1100.41,1029.871,39.972,322.129,2.351,2.351,0.0,188474006,819000000,0,235000000,468000000,438000000,17000000,137000000,1000000,1000000,0
2026-04-28T22:12:38.246643,29401025009500,0.427955,329.93,1738.5,0.0,441.635,1126.286,719.702,25.704,329.474,2.337,2.337,0.0,141195283,744000000,0,189000000,482000000,308000000,11000000,141000000,1000000,1000000,0
2026-04-28T22:12:38.676592,29401454960375,0.429952,387.901,1930.45,0.0,530.292,1130.36,974.528,30.236,325.618,2.326,2.326,0.0,166778496,830000000,0,228000000,486000000,419000000,13000000,140000000,1000000,1000000,0
2026-04-28T22:12:39.106147,29401884518166,0.429558,448.369,1813.491,0.0,495.858,1068.539,933.517,37.248,325.916,2.328,0.0,0.0,192600554,779000000,0,213000000,459000000,401000000,16000000,140000000,1000000,0,0
2026-04-28T22:12:39.533450,29402311823791,0.427306,537.225,1919.0,0.0,542.937,1172.462,1013.326,46.805,327.634,2.34,2.34,0.0,229559526,820000000,0,232000000,501000000,433000000,20000000,140000000,1000000,1000000,0
2026-04-28T22:12:39.960986,29402739363333,0.427539,592.184,1927.31,0.0,540.302,1204.568,1057.213,58.474,327.456,0.0,2.339,0.0,253181869,824000000,0,231000000,515000000,452000000,25000000,140000000,0,1000000,0
2026-04-28T22:12:40.389394,29403167773250,0.42841,517.766,1813.682,0.0,469.176,1157.769,816.974,51.353,322.121,2.334,2.334,0.0,221816332,777000000,0,201000000,496000000,350000000,22000000,138000000,1000000,1000000,0
2026-04-28T22:12:40.813788,29403592170541,0.424397,594.019,1948.646,0.0,553.727,1199.348,1048.546,58.907,332.236,2.356,2.356,0.0,252100127,827000000,0,235000000,509000000,445000000,25000000,141000000,1000000,1000000,0
2026-04-28T22:12:41.242117,29404020503166,0.428332,485.767,1968.1,0.0,494.943,1134.634,875.49,42.023,324.515,2.335,2.335,0.0,208069490,843000000,0,212000000,486000000,375000000,18000000,139000000,1000000,1000000,0
2026-04-28T22:12:41.666628,29404445017500,0.424514,531.555,1896.285,0.0,492.327,1166.039,855.095,40.046,327.433,2.356,2.356,0.0,225652619,805000000,0,209000000,495000000,363000000,17000000,139000000,1000000,1000000,0
2026-04-28T22:12:42.093776,29404872167250,0.42715,474.376,1690.271,0.0,449.49,1163.524,805.337,35.116,327.753,2.341,0.0,0.0,202629948,722000000,0,192000000,497000000,344000000,15000000,140000000,1000000,0,0
2026-04-28T22:12:42.518183,29405296577583,0.424409,546.538,1922.671,0.0,537.217,1196.957,984.898,44.768,327.514,2.356,2.356,0.0,231956029,816000000,0,228000000,508000000,418000000,19000000,139000000,1000000,1000000,0
2026-04-28T22:12:42.939704,29405718101041,0.421524,492.498,1881.267,0.0,479.213,1176.681,832.692,37.957,327.383,0.0,2.372,0.0,207600062,793000000,0,202000000,496000000,351000000,16000000,138000000,0,1000000,0
2026-04-28T22:12:43.366534,29406144934041,0.426833,472.899,1895.355,0.0,536.51,1218.275,873.878,32.8,325.654,2.343,2.343,0.0,201849007,809000000,0,229000000,520000000,373000000,14000000,139000000,1000000,1000000,0
2026-04-28T22:12:43.788187,29406566589416,0.421655,554.398,1875.94,0.0,528.868,1164.459,1031.649,52.175,329.653,2.372,2.372,0.0,233764917,791000000,0,223000000,491000000,435000000,22000000,139000000,1000000,1000000,0
2026-04-28T22:12:44.208064,29406986469958,0.41988,488.878,1838.619,0.0,488.234,1181.289,831.189,38.106,326.284,2.382,2.382,0.0,205270306,772000000,0,205000000,496000000,349000000,16000000,137000000,1000000,1000000,0
2026-04-28T22:12:44.636451,29407414859791,0.42839,543.328,2089.22,0.0,581.247,1211.514,1048.111,44.352,326.805,2.334,2.334,0.0,232756081,895000000,0,249000000,519000000,449000000,19000000,140000000,1000000,1000000,0
2026-04-28T22:12:45.055959,29407834369125,0.419511,505.766,1940.353,0.0,510.117,1222.851,827.153,40.523,326.57,2.384,0.0,0.0,212174580,814000000,0,214000000,513000000,347000000,17000000,137000000,1000000,0,0
2026-04-28T22:12:45.485298,29408263713250,0.429342,496.24,1986.761,0.0,531.045,1176.219,966.595,37.266,323.751,2.329,2.329,0.0,213056462,853000000,0,228000000,505000000,415000000,16000000,139000000,1000000,1000000,0
2026-04-28T22:12:45.926062,29408704480041,0.440766,491.113,4691.828,0.0,735.083,1368.072,1170.688,34.032,317.629,0.0,2.269,0.0,216466028,2068000000,0,324000000,603000000,516000000,15000000,140000000,0,1000000,0
2026-04-28T22:12:46.350693,29409129112291,0.424634,522.45,1912.234,0.0,553.417,1231.648,1085.64,42.389,341.47,2.355,2.355,0.0,221850146,812000000,0,235000000,523000000,461000000,18000000,145000000,1000000,1000000,0
2026-04-28T22:12:46.777302,29409555724041,0.426612,533.431,2069.796,0.0,543.82,1190.777,1033.726,46.881,323.479,2.344,2.344,0.0,227568031,883000000,0,232000000,508000000,441000000,20000000,138000000,1000000,1000000,0
2026-04-28T22:12:47.206867,29409985293958,0.429568,525.641,1855.353,0.0,491.191,1173.272,942.808,39.575,325.909,2.328,2.328,0.0,225798540,797000000,0,211000000,504000000,405000000,17000000,140000000,1000000,1000000,0
2026-04-28T22:12:47.633982,29410412410750,0.427117,2127.477,1933.894,0.0,739.843,1346.234,1791.077,145.159,327.779,2.341,2.341,0.0,908682635,826000000,0,316000000,575000000,765000000,62000000,140000000,1000000,1000000,0
2026-04-28T22:12:48.075998,29410854430833,0.442019,1935.631,1660.561,0.0,656.08,1248.814,1732.956,138.003,314.466,2.262,0.0,0.0,855586127,734000000,0,290000000,552000000,766000000,61000000,139000000,1000000,0,0
2026-04-28T22:12:48.497602,29411276036000,0.421607,2157.903,1859.553,0.0,728.167,1368.574,1906.991,154.172,346.294,2.372,2.372,0.0,909786339,784000000,0,307000000,577000000,804000000,65000000,146000000,1000000,1000000,0
2026-04-28T22:12:48.920954,29411699391875,0.423355,2048.221,1825.892,0.0,680.281,1282.613,1799.909,144.087,325.968,0.0,2.362,0.0,867124025,773000000,0,288000000,543000000,762000000,61000000,138000000,0,1000000,0
2026-04-28T22:12:49.339109,29412117548416,0.418158,2030.156,1922.719,0.0,693.518,1310.51,1827.062,145.878,332.41,2.391,2.391,0.0,848925632,804000000,0,290000000,548000000,764000000,61000000,139000000,1000000,1000000,0
2026-04-28T22:12:49.761161,29412539612666,0.422055,2009.433,1933.397,0.0,675.267,1269.977,1777.02,142.162,322.233,2.369,2.369,0.0,848091133,816000000,0,285000000,536000000,750000000,60000000,136000000,1000000,1000000,0
2026-04-28T22:12:50.181422,29412959868583,0.420265,2070.313,1970.187,0.0,709.077,1320.596,1839.317,147.526,335.503,2.379,2.379,0.0,870079411,828000000,0,298000000,555000000,773000000,62000000,141000000,1000000,1000000,0
2026-04-28T22:12:50.606241,29413384689750,0.424822,2142.453,2003.194,0.0,725.01,1306.431,1812.526,145.944,322.488,2.354,0.0,0.0,910160015,851000000,0,308000000,555000000,770000000,62000000,137000000,1000000,0,0
2026-04-28T22:12:51.025956,29413804407208,0.419718,2030.709,1827.416,0.0,681.409,1303.255,1820.268,147.718,333.557,2.383,2.383,0.0,852325925,767000000,0,286000000,547000000,764000000,62000000,140000000,1000000,1000000,0
2026-04-28T22:12:51.444322,29414222775625,0.418369,2119.009,2273.115,0.0,791.168,1388.728,1861.995,145.804,327.462,0.0,2.39,0.0,886526732,951000000,0,331000000,581000000,779000000,61000000,137000000,0,1000000,0
2026-04-28T22:12:51.867177,29414645634166,0.422857,2028.107,2156.756,0.0,780.405,1371.621,1825.675,144.257,323.986,2.365,2.365,0.0,857600015,912000000,0,330000000,580000000,772000000,61000000,137000000,1000000,1000000,0
2026-04-28T22:12:52.284056,29415062516041,0.416882,2043.936,2050.94,0.0,748.413,1372.091,1849.444,148.723,331.029,2.399,2.399,0.0,852080104,855000000,0,312000000,572000000,771000000,62000000,138000000,1000000,1000000,0
2026-04-28T22:12:52.702125,29415480589583,0.418072,2103.489,2377.581,0.0,837.177,1485.39,1858.532,145.908,327.695,2.392,2.392,0.0,879409770,994000000,0,350000000,621000000,777000000,61000000,137000000,1000000,1000000,0
2026-04-28T22:12:53.122132,29415900597250,0.420009,2000.19,1997.574,0.0,740.46,1388.064,1807.102,142.854,321.421,2.381,2.381,0.0,840098635,839000000,0,311000000,583000000,759000000,60000000,135000000,1000000,1000000,0
2026-04-28T22:12:53.544202,29416322669208,0.422073,2098.987,1888.3,0.0,748.686,1357.586,1819.591,146.894,326.958,2.369,0.0,0.0,885925212,797000000,0,316000000,573000000,768000000,62000000,138000000,1000000,0,0
2026-04-28T22:12:53.989698,29416768171750,0.4455,1996.991,1876.545,0.0,711.561,1299.665,1730.642,139.17,309.765,0.0,2.245,0.0,889658675,836000000,0,317000000,579000000,771000000,62000000,138000000,0,1000000,0
2026-04-28T22:12:54.405030,29417183504375,0.415335,2235.961,2012.833,0.0,753.608,1425.355,1926.156,151.685,349.116,2.408,2.408,0.0,928672773,836000000,0,313000000,592000000,800000000,63000000,145000000,1000000,1000000,0
2026-04-28T22:12:54.825850,29417604328083,0.420822,2029.928,1974.706,0.0,679.622,1290.331,1791.731,144.954,323.177,2.376,2.376,0.0,854238591,831000000,0,286000000,543000000,754000000,61000000,136000000,1000000,1000000,0
2026-04-28T22:12:55.274592,29418053073250,0.448745,1615.108,1582.191,0.0,568.252,1094.163,1501.968,118.107,314.21,2.228,2.228,0.0,724771165,710000000,0,255000000,491000000,674000000,53000000,141000000,1000000,1000000,0
2026-04-28T22:12:55.726580,29418505065333,0.451991,199.595,1913.754,0.0,517.709,707.978,969.045,17.699,325.227,2.212,2.212,0.0,90214999,865000000,0,234000000,320000000,438000000,8000000,147000000,1000000,1000000,0
2026-04-28T22:12:56.179015,29418957502041,0.452438,119.019,1620.113,0.0,430.999,771.377,848.736,8.841,327.117,2.21,2.21,0.0,53848530,733000000,0,195000000,349000000,384000000,4000000,148000000,1000000,1000000,0
2026-04-28T22:12:56.608529,29419387020500,0.429518,142.596,1687.94,0.0,470.295,770.632,919.636,11.641,349.229,2.328,0.0,0.0,61247507,725000000,0,202000000,331000000,395000000,5000000,150000000,1000000,0,0
2026-04-28T22:12:57.061412,29419839904708,0.452886,109.686,1510.314,0.0,384.203,646.962,775.03,8.832,311.337,2.208,2.208,0.0,49675324,684000000,0,174000000,293000000,351000000,4000000,141000000,1000000,1000000,0
2026-04-28T22:12:57.482823,29420261319625,0.421414,159.143,1801.08,0.0,512.56,813.927,984.78,11.865,348.826,2.373,2.373,0.0,67064978,759000000,0,216000000,343000000,415000000,5000000,147000000,1000000,1000000,0
2026-04-28T22:12:57.915512,29420694010583,0.432692,134.96,1606.222,0.0,369.778,633.244,658.667,9.244,323.556,0.0,2.311,0.0,58396150,695000000,0,160000000,274000000,285000000,4000000,140000000,0,1000000,0
2026-04-28T22:12:58.343449,29421121950583,0.427939,107.175,1642.757,0.0,465.02,796.842,955.744,9.347,334.16,2.337,2.337,0.0,45864308,703000000,0,199000000,341000000,409000000,4000000,143000000,1000000,1000000,0
2026-04-28T22:12:58.773236,29421551744458,0.42979,159.312,1968.402,0.0,439.749,691.035,753.856,11.634,330.394,2.327,2.327,0.0,68470874,846000000,0,189000000,297000000,324000000,5000000,142000000,1000000,1000000,0
2026-04-28T22:12:59.202276,29421980787416,0.429043,134.708,1797.021,0.0,526.753,897.345,1018.545,11.654,326.307,2.331,2.331,0.0,57795614,771000000,0,226000000,385000000,437000000,5000000,140000000,1000000,1000000,0
2026-04-28T22:12:59.650809,29422429319791,0.448536,134.749,1754.597,0.0,470.419,746.874,900.708,8.918,314.356,2.229,2.229,0.0,60439630,787000000,0,211000000,335000000,404000000,4000000,141000000,1000000,1000000,0
2026-04-28T22:13:00.081734,29422860248041,0.430928,123.406,1524.618,0.0,394.498,703.134,772.751,11.603,343.445,2.321,0.0,0.0,53179242,657000000,0,170000000,303000000,333000000,5000000,148000000,1000000,0,0
2026-04-28T22:13:00.503386,29423281903458,0.421651,156.801,1693.343,0.0,505.157,868.016,1031.658,11.858,332.028,2.372,2.372,0.0,66115261,714000000,0,213000000,366000000,435000000,5000000,140000000,1000000,1000000,0
2026-04-28T22:13:00.933018,29423711535875,0.429639,125.022,1589.707,0.0,411.974,705.243,777.397,6.983,325.855,0.0,2.328,0.0,53714115,683000000,0,177000000,303000000,334000000,3000000,140000000,0,1000000,0
2026-04-28T22:13:01.380790,29424159312000,0.447775,105.955,1469.487,0.0,368.488,654.346,761.543,8.933,317.123,2.233,2.233,0.0,47444261,658000000,0,165000000,293000000,341000000,4000000,142000000,1000000,1000000,0
2026-04-28T22:13:01.812289,29424590814333,0.431501,149.369,1594.433,0.0,403.243,667.437,767.089,11.587,340.671,2.317,2.317,0.0,64452740,688000000,0,174000000,288000000,331000000,5000000,147000000,1000000,1000000,0
2026-04-28T22:13:02.249110,29425027640291,0.436824,121.094,1387.287,0.0,345.677,673.04,718.825,9.157,327.363,2.289,2.289,0.0,52896614,606000000,0,151000000,294000000,314000000,4000000,143000000,1000000,1000000,0
2026-04-28T22:13:02.682260,29425460792500,0.433153,146.158,1715.331,0.0,454.805,743.387,794.177,11.543,332.446,2.309,2.309,0.0,63308550,743000000,0,197000000,322000000,344000000,5000000,144000000,1000000,1000000,0
2026-04-28T22:13:03.125270,29425903807750,0.443013,114.728,1521.401,0.0,390.508,738.128,715.555,9.029,316.018,2.257,0.0,0.0,50825869,674000000,0,173000000,327000000,317000000,4000000,140000000,1000000,0,0
2026-04-28T22:13:03.555548,29426334086000,0.430281,156.514,1719.806,0.0,513.618,869.199,1027.236,11.62,343.961,2.324,2.324,0.0,67344905,740000000,0,221000000,374000000,442000000,5000000,148000000,1000000,1000000,0
2026-04-28T22:13:03.980905,29426759445291,0.42536,119.118,1643.314,0.0,399.661,719.391,792.27,9.404,326.782,2.351,2.351,0.0,50668010,699000000,0,170000000,306000000,337000000,4000000,139000000,1000000,1000000,0
2026-04-28T22:13:04.405755,29427184299125,0.424852,136.702,1645.278,0.0,470.752,828.523,913.258,9.415,334.234,0.0,2.354,0.0,58078200,699000000,0,200000000,352000000,388000000,4000000,142000000,0,1000000,0
2026-04-28T22:13:04.838745,29427617289541,0.432993,131.684,1720.581,0.0,466.52,766.756,808.327,11.548,321.021,2.31,2.31,0.0,57018410,745000000,0,202000000,332000000,350000000,5000000,139000000,1000000,1000000,0
